{"IsOfficial": "T", "Percentage": 5.3, "_id": {"CountryCode": "ABW", "Language": "Dutch"}}
{"IsOfficial": "F", "Percentage": 9.5, "_id": {"CountryCode": "ABW", "Language": "English"}}
{"IsOfficial": "F", "Percentage": 76.7, "_id": {"CountryCode": "ABW", "Language": "Papiamento"}}
{"IsOfficial": "F", "Percentage": 7.4, "_id": {"CountryCode": "ABW", "Language": "Spanish"}}
{"IsOfficial": "F", "Percentage": 0.9, "_id": {"CountryCode": "AFG", "Language": "Balochi"}}
{"IsOfficial": "T", "Percentage": 32.1, "_id": {"CountryCode": "AFG", "Language": "Dari"}}
{"IsOfficial": "T", "Percentage": 52.4, "_id": {"CountryCode": "AFG", "Language": "Pashto"}}
{"IsOfficial": "F", "Percentage": 1.9, "_id": {"CountryCode": "AFG", "Language": "Turkmenian"}}
{"IsOfficial": "F", "Percentage": 8.8, "_id": {"CountryCode": "AFG", "Language": "Uzbek"}}
{"IsOfficial": "F", "Percentage": 2.4, "_id": {"CountryCode": "AGO", "Language": "Ambo"}}
{"IsOfficial": "F", "Percentage": 4.2, "_id": {"CountryCode": "AGO", "Language": "Chokwe"}}
{"IsOfficial": "F", "Percentage": 13.2, "_id": {"CountryCode": "AGO", "Language": "Kongo"}}
{"IsOfficial": "F", "Percentage": 2.4, "_id": {"CountryCode": "AGO", "Language": "Luchazi"}}
{"IsOfficial": "F", "Percentage": 5.4, "_id": {"CountryCode": "AGO", "Language": "Luimbe-nganguela"}}
{"IsOfficial": "F", "Percentage": 3.6, "_id": {"CountryCode": "AGO", "Language": "Luvale"}}
{"IsOfficial": "F", "Percentage": 21.6, "_id": {"CountryCode": "AGO", "Language": "Mbundu"}}
{"IsOfficial": "F", "Percentage": 5.4, "_id": {"CountryCode": "AGO", "Language": "Nyaneka-nkhumbi"}}
{"IsOfficial": "F", "Percentage": 37.2, "_id": {"CountryCode": "AGO", "Language": "Ovimbundu"}}
{"IsOfficial": "T", "Percentage": 0.0, "_id": {"CountryCode": "AIA", "Language": "English"}}
{"IsOfficial": "T", "Percentage": 97.9, "_id": {"CountryCode": "ALB", "Language": "Albaniana"}}
{"IsOfficial": "F", "Percentage": 1.8, "_id": {"CountryCode": "ALB", "Language": "Greek"}}
{"IsOfficial": "F", "Percentage": 0.1, "_id": {"CountryCode": "ALB", "Language": "Macedonian"}}
{"IsOfficial": "T", "Percentage": 32.3, "_id": {"CountryCode": "AND", "Language": "Catalan"}}
{"IsOfficial": "F", "Percentage": 6.2, "_id": {"CountryCode": "AND", "Language": "French"}}
{"IsOfficial": "F", "Percentage": 10.8, "_id": {"CountryCode": "AND", "Language": "Portuguese"}}
{"IsOfficial": "F", "Percentage": 44.6, "_id": {"CountryCode": "AND", "Language": "Spanish"}}
{"IsOfficial": "T", "Percentage": 0.0, "_id": {"CountryCode": "ANT", "Language": "Dutch"}}
{"IsOfficial": "F", "Percentage": 7.8, "_id": {"CountryCode": "ANT", "Language": "English"}}
{"IsOfficial": "T", "Percentage": 86.2, "_id": {"CountryCode": "ANT", "Language": "Papiamento"}}
{"IsOfficial": "T", "Percentage": 42.0, "_id": {"CountryCode": "ARE", "Language": "Arabic"}}
{"IsOfficial": "F", "Percentage": 0.0, "_id": {"CountryCode": "ARE", "Language": "Hindi"}}
{"IsOfficial": "F", "Percentage": 0.3, "_id": {"CountryCode": "ARG", "Language": "Indian Languages"}}
{"IsOfficial": "F", "Percentage": 1.7, "_id": {"CountryCode": "ARG", "Language": "Italian"}}
{"IsOfficial": "T", "Percentage": 96.8, "_id": {"CountryCode": "ARG", "Language": "Spanish"}}
{"IsOfficial": "T", "Percentage": 93.4, "_id": {"CountryCode": "ARM", "Language": "Armenian"}}
{"IsOfficial": "F", "Percentage": 2.6, "_id": {"CountryCode": "ARM", "Language": "Azerbaijani"}}
{"IsOfficial": "T", "Percentage": 3.1, "_id": {"CountryCode": "ASM", "Language": "English"}}
{"IsOfficial": "T", "Percentage": 90.6, "_id": {"CountryCode": "ASM", "Language": "Samoan"}}
{"IsOfficial": "F", "Percentage": 3.1, "_id": {"CountryCode": "ASM", "Language": "Tongan"}}
{"IsOfficial": "F", "Percentage": 95.7, "_id": {"CountryCode": "ATG", "Language": "Creole English"}}
{"IsOfficial": "T", "Percentage": 0.0, "_id": {"CountryCode": "ATG", "Language": "English"}}
{"IsOfficial": "F", "Percentage": 1.0, "_id": {"CountryCode": "AUS", "Language": "Arabic"}}
{"IsOfficial": "F", "Percentage": 1.1, "_id": {"CountryCode": "AUS", "Language": "Canton Chinese"}}
{"IsOfficial": "T", "Percentage": 81.2, "_id": {"CountryCode": "AUS", "Language": "English"}}
{"IsOfficial": "F", "Percentage": 0.6, "_id": {"CountryCode": "AUS", "Language": "German"}}
{"IsOfficial": "F", "Percentage": 1.6, "_id": {"CountryCode": "AUS", "Language": "Greek"}}
{"IsOfficial": "F", "Percentage": 2.2, "_id": {"CountryCode": "AUS", "Language": "Italian"}}
{"IsOfficial": "F", "Percentage": 0.6, "_id": {"CountryCode": "AUS", "Language": "Serbo-Croatian"}}
{"IsOfficial": "F", "Percentage": 0.8, "_id": {"CountryCode": "AUS", "Language": "Vietnamese"}}
{"IsOfficial": "F", "Percentage": 0.2, "_id": {"CountryCode": "AUT", "Language": "Czech"}}
{"IsOfficial": "T", "Percentage": 92.0, "_id": {"CountryCode": "AUT", "Language": "German"}}
{"IsOfficial": "F", "Percentage": 0.4, "_id": {"CountryCode": "AUT", "Language": "Hungarian"}}
{"IsOfficial": "F", "Percentage": 0.2, "_id": {"CountryCode": "AUT", "Language": "Polish"}}
{"IsOfficial": "F", "Percentage": 0.2, "_id": {"CountryCode": "AUT", "Language": "Romanian"}}
{"IsOfficial": "F", "Percentage": 2.2, "_id": {"CountryCode": "AUT", "Language": "Serbo-Croatian"}}
{"IsOfficial": "F", "Percentage": 0.4, "_id": {"CountryCode": "AUT", "Language": "Slovene"}}
{"IsOfficial": "F", "Percentage": 1.5, "_id": {"CountryCode": "AUT", "Language": "Turkish"}}
{"IsOfficial": "F", "Percentage": 2.0, "_id": {"CountryCode": "AZE", "Language": "Armenian"}}
{"IsOfficial": "T", "Percentage": 89.0, "_id": {"CountryCode": "AZE", "Language": "Azerbaijani"}}
{"IsOfficial": "F", "Percentage": 2.3, "_id": {"CountryCode": "AZE", "Language": "Lezgian"}}
{"IsOfficial": "F", "Percentage": 3.0, "_id": {"CountryCode": "AZE", "Language": "Russian"}}
{"IsOfficial": "T", "Percentage": 0.0, "_id": {"CountryCode": "BDI", "Language": "French"}}
{"IsOfficial": "T", "Percentage": 98.1, "_id": {"CountryCode": "BDI", "Language": "Kirundi"}}
{"IsOfficial": "F", "Percentage": 0.0, "_id": {"CountryCode": "BDI", "Language": "Swahili"}}
{"IsOfficial": "F", "Percentage": 1.6, "_id": {"CountryCode": "BEL", "Language": "Arabic"}}
{"IsOfficial": "T", "Percentage": 59.2, "_id": {"CountryCode": "BEL", "Language": "Dutch"}}
{"IsOfficial": "T", "Percentage": 32.6, "_id": {"CountryCode": "BEL", "Language": "French"}}
{"IsOfficial": "T", "Percentage": 1.0, "_id": {"CountryCode": "BEL", "Language": "German"}}
{"IsOfficial": "F", "Percentage": 2.4, "_id": {"CountryCode": "BEL", "Language": "Italian"}}
{"IsOfficial": "F", "Percentage": 0.9, "_id": {"CountryCode": "BEL", "Language": "Turkish"}}
{"IsOfficial": "F", "Percentage": 11.1, "_id": {"CountryCode": "BEN", "Language": "Adja"}}
{"IsOfficial": "F", "Percentage": 8.7, "_id": {"CountryCode": "BEN", "Language": "Aizo"}}
{"IsOfficial": "F", "Percentage": 8.7, "_id": {"CountryCode": "BEN", "Language": "Bariba"}}
{"IsOfficial": "F", "Percentage": 39.8, "_id": {"CountryCode": "BEN", "Language": "Fon"}}
{"IsOfficial": "F", "Percentage": 5.6, "_id": {"CountryCode": "BEN", "Language": "Ful"}}
{"IsOfficial": "F", "Percentage": 12.2, "_id": {"CountryCode": "BEN", "Language": "Joruba"}}
{"IsOfficial": "F", "Percentage": 6.7, "_id": {"CountryCode": "BEN", "Language": "Somba"}}
{"IsOfficial": "F", "Percentage": 3.5, "_id": {"CountryCode": "BFA", "Language": "Busansi"}}
{"IsOfficial": "F", "Percentage": 3.1, "_id": {"CountryCode": "BFA", "Language": "Dagara"}}
{"IsOfficial": "F", "Percentage": 2.6, "_id": {"CountryCode": "BFA", "Language": "Dyula"}}
{"IsOfficial": "F", "Percentage": 9.7, "_id": {"CountryCode": "BFA", "Language": "Ful"}}
{"IsOfficial": "F", "Percentage": 5.7, "_id": {"CountryCode": "BFA", "Language": "Gurma"}}
{"IsOfficial": "F", "Percentage": 50.2, "_id": {"CountryCode": "BFA", "Language": "Mossi"}}
{"IsOfficial": "T", "Percentage": 97.7, "_id": {"CountryCode": "BGD", "Language": "Bengali"}}
{"IsOfficial": "F", "Percentage": 0.4, "_id": {"CountryCode": "BGD", "Language": "Chakma"}}
{"IsOfficial": "F", "Percentage": 0.1, "_id": {"CountryCode": "BGD", "Language": "Garo"}}
{"IsOfficial": "F", "Percentage": 0.1, "_id": {"CountryCode": "BGD", "Language": "Khasi"}}
{"IsOfficial": "F", "Percentage": 0.2, "_id": {"CountryCode": "BGD", "Language": "Marma"}}
{"IsOfficial": "F", "Percentage": 0.1, "_id": {"CountryCode": "BGD", "Language": "Santhali"}}
{"IsOfficial": "F", "Percentage": 0.1, "_id": {"CountryCode": "BGD", "Language": "Tripuri"}}
{"IsOfficial": "T", "Percentage": 83.2, "_id": {"CountryCode": "BGR", "Language": "Bulgariana"}}
{"IsOfficial": "F", "Percentage": 2.6, "_id": {"CountryCode": "BGR", "Language": "Macedonian"}}
{"IsOfficial": "F", "Percentage": 3.7, "_id": {"CountryCode": "BGR", "Language": "Romani"}}
{"IsOfficial": "F", "Percentage": 9.4, "_id": {"CountryCode": "BGR", "Language": "Turkish"}}
{"IsOfficial": "T", "Percentage": 67.7, "_id": {"CountryCode": "BHR", "Language": "Arabic"}}
{"IsOfficial": "F", "Percentage": 0.0, "_id": {"CountryCode": "BHR", "Language": "English"}}
{"IsOfficial": "F", "Percentage": 89.7, "_id": {"CountryCode": "BHS", "Language": "Creole English"}}
{"IsOfficial": "F", "Percentage": 10.3, "_id": {"CountryCode": "BHS", "Language": "Creole French"}}
{"IsOfficial": "T", "Percentage": 99.2, "_id": {"CountryCode": "BIH", "Language": "Serbo-Croatian"}}
{"IsOfficial": "T", "Percentage": 65.6, "_id": {"CountryCode": "BLR", "Language": "Belorussian"}}
{"IsOfficial": "F", "Percentage": 0.6, "_id": {"CountryCode": "BLR", "Language": "Polish"}}
{"IsOfficial": "T", "Percentage": 32.0, "_id": {"CountryCode": "BLR", "Language": "Russian"}}
{"IsOfficial": "F", "Percentage": 1.3, "_id": {"CountryCode": "BLR", "Language": "Ukrainian"}}
{"IsOfficial": "T", "Percentage": 50.8, "_id": {"CountryCode": "BLZ", "Language": "English"}}
{"IsOfficial": "F", "Percentage": 6.8, "_id": {"CountryCode": "BLZ", "Language": "Garifuna"}}
{"IsOfficial": "F", "Percentage": 9.6, "_id": {"CountryCode": "BLZ", "Language": "Maya Languages"}}
{"IsOfficial": "F", "Percentage": 31.6, "_id": {"CountryCode": "BLZ", "Language": "Spanish"}}
{"IsOfficial": "T", "Percentage": 100.0, "_id": {"CountryCode": "BMU", "Language": "English"}}
{"IsOfficial": "T", "Percentage": 3.2, "_id": {"CountryCode": "BOL", "Language": "Aimar\u00c3\u00a1"}}
{"IsOfficial": "F", "Percentage": 0.1, "_id": {"CountryCode": "BOL", "Language": "Guaran\u00c3\u00ad"}}
{"IsOfficial": "T", "Percentage": 8.1, "_id": {"CountryCode": "BOL", "Language": "Ket\u00c2\u0161ua"}}
{"IsOfficial": "T", "Percentage": 87.7, "_id": {"CountryCode": "BOL", "Language": "Spanish"}}
{"IsOfficial": "F", "Percentage": 0.5, "_id": {"CountryCode": "BRA", "Language": "German"}}
{"IsOfficial": "F", "Percentage": 0.2, "_id": {"CountryCode": "BRA", "Language": "Indian Languages"}}
{"IsOfficial": "F", "Percentage": 0.4, "_id": {"CountryCode": "BRA", "Language": "Italian"}}
{"IsOfficial": "F", "Percentage": 0.4, "_id": {"CountryCode": "BRA", "Language": "Japanese"}}
{"IsOfficial": "T", "Percentage": 97.5, "_id": {"CountryCode": "BRA", "Language": "Portuguese"}}
{"IsOfficial": "F", "Percentage": 95.1, "_id": {"CountryCode": "BRB", "Language": "Bajan"}}
{"IsOfficial": "T", "Percentage": 0.0, "_id": {"CountryCode": "BRB", "Language": "English"}}
{"IsOfficial": "F", "Percentage": 9.3, "_id": {"CountryCode": "BRN", "Language": "Chinese"}}
{"IsOfficial": "F", "Percentage": 3.1, "_id": {"CountryCode": "BRN", "Language": "English"}}
{"IsOfficial": "T", "Percentage": 45.5, "_id": {"CountryCode": "BRN", "Language": "Malay"}}
{"IsOfficial": "F", "Percentage": 28.8, "_id": {"CountryCode": "BRN", "Language": "Malay-English"}}
{"IsOfficial": "F", "Percentage": 15.2, "_id": {"CountryCode": "BTN", "Language": "Asami"}}
{"IsOfficial": "T", "Percentage": 50.0, "_id": {"CountryCode": "BTN", "Language": "Dzongkha"}}
{"IsOfficial": "F", "Percentage": 34.8, "_id": {"CountryCode": "BTN", "Language": "Nepali"}}
{"IsOfficial": "F", "Percentage": 2.5, "_id": {"CountryCode": "BWA", "Language": "Khoekhoe"}}
{"IsOfficial": "F", "Percentage": 1.3, "_id": {"CountryCode": "BWA", "Language": "Ndebele"}}
{"IsOfficial": "F", "Percentage": 3.5, "_id": {"CountryCode": "BWA", "Language": "San"}}
{"IsOfficial": "F", "Percentage": 12.3, "_id": {"CountryCode": "BWA", "Language": "Shona"}}
{"IsOfficial": "F", "Percentage": 75.5, "_id": {"CountryCode": "BWA", "Language": "Tswana"}}
{"IsOfficial": "F", "Percentage": 23.5, "_id": {"CountryCode": "CAF", "Language": "Banda"}}
{"IsOfficial": "F", "Percentage": 23.8, "_id": {"CountryCode": "CAF", "Language": "Gbaya"}}
{"IsOfficial": "F", "Percentage": 14.8, "_id": {"CountryCode": "CAF", "Language": "Mandjia"}}
{"IsOfficial": "F", "Percentage": 6.4, "_id": {"CountryCode": "CAF", "Language": "Mbum"}}
{"IsOfficial": "F", "Percentage": 7.5, "_id": {"CountryCode": "CAF", "Language": "Ngbaka"}}
{"IsOfficial": "F", "Percentage": 6.4, "_id": {"CountryCode": "CAF", "Language": "Sara"}}
{"IsOfficial": "F", "Percentage": 2.5, "_id": {"CountryCode": "CAN", "Language": "Chinese"}}
{"IsOfficial": "F", "Percentage": 0.5, "_id": {"CountryCode": "CAN", "Language": "Dutch"}}
{"IsOfficial": "T", "Percentage": 60.4, "_id": {"CountryCode": "CAN", "Language": "English"}}
{"IsOfficial": "F", "Percentage": 0.1, "_id": {"CountryCode": "CAN", "Language": "Eskimo Languages"}}
{"IsOfficial": "T", "Percentage": 23.4, "_id": {"CountryCode": "CAN", "Language": "French"}}
{"IsOfficial": "F", "Percentage": 1.6, "_id": {"CountryCode": "CAN", "Language": "German"}}
{"IsOfficial": "F", "Percentage": 1.7, "_id": {"CountryCode": "CAN", "Language": "Italian"}}
{"IsOfficial": "F", "Percentage": 0.7, "_id": {"CountryCode": "CAN", "Language": "Polish"}}
{"IsOfficial": "F", "Percentage": 0.7, "_id": {"CountryCode": "CAN", "Language": "Portuguese"}}
{"IsOfficial": "F", "Percentage": 0.7, "_id": {"CountryCode": "CAN", "Language": "Punjabi"}}
{"IsOfficial": "F", "Percentage": 0.7, "_id": {"CountryCode": "CAN", "Language": "Spanish"}}
{"IsOfficial": "F", "Percentage": 0.6, "_id": {"CountryCode": "CAN", "Language": "Ukrainian"}}
{"IsOfficial": "T", "Percentage": 0.0, "_id": {"CountryCode": "CCK", "Language": "English"}}
{"IsOfficial": "F", "Percentage": 0.0, "_id": {"CountryCode": "CCK", "Language": "Malay"}}
{"IsOfficial": "T", "Percentage": 19.2, "_id": {"CountryCode": "CHE", "Language": "French"}}
{"IsOfficial": "T", "Percentage": 63.6, "_id": {"CountryCode": "CHE", "Language": "German"}}
{"IsOfficial": "T", "Percentage": 7.7, "_id": {"CountryCode": "CHE", "Language": "Italian"}}
{"IsOfficial": "T", "Percentage": 0.6, "_id": {"CountryCode": "CHE", "Language": "Romansh"}}
{"IsOfficial": "F", "Percentage": 0.5, "_id": {"CountryCode": "CHL", "Language": "Aimar\u00c3\u00a1"}}
{"IsOfficial": "F", "Percentage": 9.6, "_id": {"CountryCode": "CHL", "Language": "Araucan"}}
{"IsOfficial": "F", "Percentage": 0.2, "_id": {"CountryCode": "CHL", "Language": "Rapa nui"}}
{"IsOfficial": "T", "Percentage": 89.7, "_id": {"CountryCode": "CHL", "Language": "Spanish"}}
{"IsOfficial": "T", "Percentage": 92.0, "_id": {"CountryCode": "CHN", "Language": "Chinese"}}
{"IsOfficial": "F", "Percentage": 0.2, "_id": {"CountryCode": "CHN", "Language": "Dong"}}
{"IsOfficial": "F", "Percentage": 0.8, "_id": {"CountryCode": "CHN", "Language": "Hui"}}
{"IsOfficial": "F", "Percentage": 0.9, "_id": {"CountryCode": "CHN", "Language": "Mant\u00c2\u0161u"}}
{"IsOfficial": "F", "Percentage": 0.7, "_id": {"CountryCode": "CHN", "Language": "Miao"}}
{"IsOfficial": "F", "Percentage": 0.4, "_id": {"CountryCode": "CHN", "Language": "Mongolian"}}
{"IsOfficial": "F", "Percentage": 0.2, "_id": {"CountryCode": "CHN", "Language": "Puyi"}}
{"IsOfficial": "F", "Percentage": 0.4, "_id": {"CountryCode": "CHN", "Language": "Tibetan"}}
{"IsOfficial": "F", "Percentage": 0.5, "_id": {"CountryCode": "CHN", "Language": "Tujia"}}
{"IsOfficial": "F", "Percentage": 0.6, "_id": {"CountryCode": "CHN", "Language": "Uighur"}}
{"IsOfficial": "F", "Percentage": 0.6, "_id": {"CountryCode": "CHN", "Language": "Yi"}}
{"IsOfficial": "F", "Percentage": 1.4, "_id": {"CountryCode": "CHN", "Language": "Zhuang"}}
{"IsOfficial": "F", "Percentage": 30.0, "_id": {"CountryCode": "CIV", "Language": "Akan"}}
{"IsOfficial": "F", "Percentage": 11.7, "_id": {"CountryCode": "CIV", "Language": "Gur"}}
{"IsOfficial": "F", "Percentage": 10.5, "_id": {"CountryCode": "CIV", "Language": "Kru"}}
{"IsOfficial": "F", "Percentage": 11.4, "_id": {"CountryCode": "CIV", "Language": "Malinke"}}
{"IsOfficial": "F", "Percentage": 7.7, "_id": {"CountryCode": "CIV", "Language": "[South]Mande"}}
{"IsOfficial": "F", "Percentage": 18.6, "_id": {"CountryCode": "CMR", "Language": "Bamileke-bamum"}}
{"IsOfficial": "F", "Percentage": 10.9, "_id": {"CountryCode": "CMR", "Language": "Duala"}}
{"IsOfficial": "F", "Percentage": 19.7, "_id": {"CountryCode": "CMR", "Language": "Fang"}}
{"IsOfficial": "F", "Percentage": 9.6, "_id": {"CountryCode": "CMR", "Language": "Ful"}}
{"IsOfficial": "F", "Percentage": 4.9, "_id": {"CountryCode": "CMR", "Language": "Maka"}}
{"IsOfficial": "F", "Percentage": 5.7, "_id": {"CountryCode": "CMR", "Language": "Mandara"}}
{"IsOfficial": "F", "Percentage": 3.9, "_id": {"CountryCode": "CMR", "Language": "Masana"}}
{"IsOfficial": "F", "Percentage": 7.4, "_id": {"CountryCode": "CMR", "Language": "Tikar"}}
{"IsOfficial": "F", "Percentage": 2.3, "_id": {"CountryCode": "COD", "Language": "Boa"}}
{"IsOfficial": "F", "Percentage": 1.8, "_id": {"CountryCode": "COD", "Language": "Chokwe"}}
{"IsOfficial": "F", "Percentage": 16.0, "_id": {"CountryCode": "COD", "Language": "Kongo"}}
{"IsOfficial": "F", "Percentage": 18.0, "_id": {"CountryCode": "COD", "Language": "Luba"}}
{"IsOfficial": "F", "Percentage": 13.5, "_id": {"CountryCode": "COD", "Language": "Mongo"}}
{"IsOfficial": "F", "Percentage": 5.8, "_id": {"CountryCode": "COD", "Language": "Ngala and Bangi"}}
{"IsOfficial": "F", "Percentage": 3.8, "_id": {"CountryCode": "COD", "Language": "Rundi"}}
{"IsOfficial": "F", "Percentage": 10.3, "_id": {"CountryCode": "COD", "Language": "Rwanda"}}
{"IsOfficial": "F", "Percentage": 2.7, "_id": {"CountryCode": "COD", "Language": "Teke"}}
{"IsOfficial": "F", "Percentage": 6.1, "_id": {"CountryCode": "COD", "Language": "Zande"}}
{"IsOfficial": "F", "Percentage": 51.5, "_id": {"CountryCode": "COG", "Language": "Kongo"}}
{"IsOfficial": "F", "Percentage": 4.8, "_id": {"CountryCode": "COG", "Language": "Mbete"}}
{"IsOfficial": "F", "Percentage": 11.4, "_id": {"CountryCode": "COG", "Language": "Mboshi"}}
{"IsOfficial": "F", "Percentage": 2.9, "_id": {"CountryCode": "COG", "Language": "Punu"}}
{"IsOfficial": "F", "Percentage": 2.6, "_id": {"CountryCode": "COG", "Language": "Sango"}}
{"IsOfficial": "F", "Percentage": 17.3, "_id": {"CountryCode": "COG", "Language": "Teke"}}
{"IsOfficial": "F", "Percentage": 0.0, "_id": {"CountryCode": "COK", "Language": "English"}}
{"IsOfficial": "T", "Percentage": 0.0, "_id": {"CountryCode": "COK", "Language": "Maori"}}
{"IsOfficial": "F", "Percentage": 0.1, "_id": {"CountryCode": "COL", "Language": "Arawakan"}}
{"IsOfficial": "F", "Percentage": 0.1, "_id": {"CountryCode": "COL", "Language": "Caribbean"}}
{"IsOfficial": "F", "Percentage": 0.4, "_id": {"CountryCode": "COL", "Language": "Chibcha"}}
{"IsOfficial": "F", "Percentage": 0.1, "_id": {"CountryCode": "COL", "Language": "Creole English"}}
{"IsOfficial": "T", "Percentage": 99.0, "_id": {"CountryCode": "COL", "Language": "Spanish"}}
{"IsOfficial": "T", "Percentage": 75.0, "_id": {"CountryCode": "COM", "Language": "Comorian"}}
{"IsOfficial": "F", "Percentage": 1.6, "_id": {"CountryCode": "COM", "Language": "Comorian-Arabic"}}
{"IsOfficial": "F", "Percentage": 12.9, "_id": {"CountryCode": "COM", "Language": "Comorian-French"}}
{"IsOfficial": "F", "Percentage": 5.5, "_id": {"CountryCode": "COM", "Language": "Comorian-madagassi"}}
{"IsOfficial": "F", "Percentage": 0.5, "_id": {"CountryCode": "COM", "Language": "Comorian-Swahili"}}
{"IsOfficial": "F", "Percentage": 100.0, "_id": {"CountryCode": "CPV", "Language": "Crioulo"}}
{"IsOfficial": "T", "Percentage": 0.0, "_id": {"CountryCode": "CPV", "Language": "Portuguese"}}
{"IsOfficial": "F", "Percentage": 0.3, "_id": {"CountryCode": "CRI", "Language": "Chibcha"}}
{"IsOfficial": "F", "Percentage": 0.2, "_id": {"CountryCode": "CRI", "Language": "Chinese"}}
{"IsOfficial": "F", "Percentage": 2.0, "_id": {"CountryCode": "CRI", "Language": "Creole English"}}
{"IsOfficial": "T", "Percentage": 97.5, "_id": {"CountryCode": "CRI", "Language": "Spanish"}}
{"IsOfficial": "T", "Percentage": 100.0, "_id": {"CountryCode": "CUB", "Language": "Spanish"}}
{"IsOfficial": "F", "Percentage": 0.0, "_id": {"CountryCode": "CXR", "Language": "Chinese"}}
{"IsOfficial": "T", "Percentage": 0.0, "_id": {"CountryCode": "CXR", "Language": "English"}}
{"IsOfficial": "T", "Percentage": 0.0, "_id": {"CountryCode": "CYM", "Language": "English"}}
{"IsOfficial": "T", "Percentage": 74.1, "_id": {"CountryCode": "CYP", "Language": "Greek"}}
{"IsOfficial": "T", "Percentage": 22.4, "_id": {"CountryCode": "CYP", "Language": "Turkish"}}
{"IsOfficial": "T", "Percentage": 81.2, "_id": {"CountryCode": "CZE", "Language": "Czech"}}
{"IsOfficial": "F", "Percentage": 0.5, "_id": {"CountryCode": "CZE", "Language": "German"}}
{"IsOfficial": "F", "Percentage": 0.2, "_id": {"CountryCode": "CZE", "Language": "Hungarian"}}
{"IsOfficial": "F", "Percentage": 12.9, "_id": {"CountryCode": "CZE", "Language": "Moravian"}}
{"IsOfficial": "F", "Percentage": 0.6, "_id": {"CountryCode": "CZE", "Language": "Polish"}}
{"IsOfficial": "F", "Percentage": 0.3, "_id": {"CountryCode": "CZE", "Language": "Romani"}}
{"IsOfficial": "F", "Percentage": 0.4, "_id": {"CountryCode": "CZE", "Language": "Silesiana"}}
{"IsOfficial": "F", "Percentage": 3.1, "_id": {"CountryCode": "CZE", "Language": "Slovak"}}
{"IsOfficial": "T", "Percentage": 91.3, "_id": {"CountryCode": "DEU", "Language": "German"}}
{"IsOfficial": "F", "Percentage": 0.4, "_id": {"CountryCode": "DEU", "Language": "Greek"}}
{"IsOfficial": "F", "Percentage": 0.7, "_id": {"CountryCode": "DEU", "Language": "Italian"}}
{"IsOfficial": "F", "Percentage": 0.3, "_id": {"CountryCode": "DEU", "Language": "Polish"}}
{"IsOfficial": "F", "Percentage": 1.4, "_id": {"CountryCode": "DEU", "Language": "Southern Slavic Languages"}}
{"IsOfficial": "F", "Percentage": 2.6, "_id": {"CountryCode": "DEU", "Language": "Turkish"}}
{"IsOfficial": "F", "Percentage": 34.8, "_id": {"CountryCode": "DJI", "Language": "Afar"}}
{"IsOfficial": "T", "Percentage": 10.6, "_id": {"CountryCode": "DJI", "Language": "Arabic"}}
{"IsOfficial": "F", "Percentage": 43.9, "_id": {"CountryCode": "DJI", "Language": "Somali"}}
{"IsOfficial": "F", "Percentage": 100.0, "_id": {"CountryCode": "DMA", "Language": "Creole English"}}
{"IsOfficial": "F", "Percentage": 0.0, "_id": {"CountryCode": "DMA", "Language": "Creole French"}}
{"IsOfficial": "F", "Percentage": 0.7, "_id": {"CountryCode": "DNK", "Language": "Arabic"}}
{"IsOfficial": "T", "Percentage": 93.5, "_id": {"CountryCode": "DNK", "Language": "Danish"}}
{"IsOfficial": "F", "Percentage": 0.3, "_id": {"CountryCode": "DNK", "Language": "English"}}
{"IsOfficial": "F", "Percentage": 0.5, "_id": {"CountryCode": "DNK", "Language": "German"}}
{"IsOfficial": "F", "Percentage": 0.3, "_id": {"CountryCode": "DNK", "Language": "Norwegian"}}
{"IsOfficial": "F", "Percentage": 0.3, "_id": {"CountryCode": "DNK", "Language": "Swedish"}}
{"IsOfficial": "F", "Percentage": 0.8, "_id": {"CountryCode": "DNK", "Language": "Turkish"}}
{"IsOfficial": "F", "Percentage": 2.0, "_id": {"CountryCode": "DOM", "Language": "Creole French"}}
{"IsOfficial": "T", "Percentage": 98.0, "_id": {"CountryCode": "DOM", "Language": "Spanish"}}
{"IsOfficial": "T", "Percentage": 86.0, "_id": {"CountryCode": "DZA", "Language": "Arabic"}}
{"IsOfficial": "F", "Percentage": 14.0, "_id": {"CountryCode": "DZA", "Language": "Berberi"}}
{"IsOfficial": "F", "Percentage": 7.0, "_id": {"CountryCode": "ECU", "Language": "Ket\u00c2\u0161ua"}}
{"IsOfficial": "T", "Percentage": 93.0, "_id": {"CountryCode": "ECU", "Language": "Spanish"}}
{"IsOfficial": "T", "Percentage": 98.8, "_id": {"CountryCode": "EGY", "Language": "Arabic"}}
{"IsOfficial": "F", "Percentage": 0.0, "_id": {"CountryCode": "EGY", "Language": "Sinaberberi"}}
{"IsOfficial": "F", "Percentage": 4.3, "_id": {"CountryCode": "ERI", "Language": "Afar"}}
{"IsOfficial": "F", "Percentage": 3.0, "_id": {"CountryCode": "ERI", "Language": "Bilin"}}
{"IsOfficial": "F", "Percentage": 3.8, "_id": {"CountryCode": "ERI", "Language": "Hadareb"}}
{"IsOfficial": "F", "Percentage": 3.0, "_id": {"CountryCode": "ERI", "Language": "Saho"}}
{"IsOfficial": "F", "Percentage": 31.7, "_id": {"CountryCode": "ERI", "Language": "Tigre"}}
{"IsOfficial": "T", "Percentage": 49.1, "_id": {"CountryCode": "ERI", "Language": "Tigrinja"}}
{"IsOfficial": "T", "Percentage": 100.0, "_id": {"CountryCode": "ESH", "Language": "Arabic"}}
{"IsOfficial": "F", "Percentage": 1.6, "_id": {"CountryCode": "ESP", "Language": "Basque"}}
{"IsOfficial": "F", "Percentage": 16.9, "_id": {"CountryCode": "ESP", "Language": "Catalan"}}
{"IsOfficial": "F", "Percentage": 6.4, "_id": {"CountryCode": "ESP", "Language": "Galecian"}}
{"IsOfficial": "T", "Percentage": 74.4, "_id": {"CountryCode": "ESP", "Language": "Spanish"}}
{"IsOfficial": "F", "Percentage": 1.4, "_id": {"CountryCode": "EST", "Language": "Belorussian"}}
{"IsOfficial": "T", "Percentage": 65.3, "_id": {"CountryCode": "EST", "Language": "Estonian"}}
{"IsOfficial": "F", "Percentage": 0.7, "_id": {"CountryCode": "EST", "Language": "Finnish"}}
{"IsOfficial": "F", "Percentage": 27.8, "_id": {"CountryCode": "EST", "Language": "Russian"}}
{"IsOfficial": "F", "Percentage": 2.8, "_id": {"CountryCode": "EST", "Language": "Ukrainian"}}
{"IsOfficial": "F", "Percentage": 30.0, "_id": {"CountryCode": "ETH", "Language": "Amhara"}}
{"IsOfficial": "F", "Percentage": 4.7, "_id": {"CountryCode": "ETH", "Language": "Gurage"}}
{"IsOfficial": "F", "Percentage": 31.0, "_id": {"CountryCode": "ETH", "Language": "Oromo"}}
{"IsOfficial": "F", "Percentage": 3.2, "_id": {"CountryCode": "ETH", "Language": "Sidamo"}}
{"IsOfficial": "F", "Percentage": 4.1, "_id": {"CountryCode": "ETH", "Language": "Somali"}}
{"IsOfficial": "F", "Percentage": 7.2, "_id": {"CountryCode": "ETH", "Language": "Tigrinja"}}
{"IsOfficial": "F", "Percentage": 2.8, "_id": {"CountryCode": "ETH", "Language": "Walaita"}}
{"IsOfficial": "F", "Percentage": 0.2, "_id": {"CountryCode": "FIN", "Language": "Estonian"}}
{"IsOfficial": "T", "Percentage": 92.7, "_id": {"CountryCode": "FIN", "Language": "Finnish"}}
{"IsOfficial": "F", "Percentage": 0.4, "_id": {"CountryCode": "FIN", "Language": "Russian"}}
{"IsOfficial": "F", "Percentage": 0.0, "_id": {"CountryCode": "FIN", "Language": "Saame"}}
{"IsOfficial": "T", "Percentage": 5.7, "_id": {"CountryCode": "FIN", "Language": "Swedish"}}
{"IsOfficial": "T", "Percentage": 50.8, "_id": {"CountryCode": "FJI", "Language": "Fijian"}}
{"IsOfficial": "F", "Percentage": 43.7, "_id": {"CountryCode": "FJI", "Language": "Hindi"}}
{"IsOfficial": "T", "Percentage": 0.0, "_id": {"CountryCode": "FLK", "Language": "English"}}
{"IsOfficial": "F", "Percentage": 2.5, "_id": {"CountryCode": "FRA", "Language": "Arabic"}}
{"IsOfficial": "T", "Percentage": 93.6, "_id": {"CountryCode": "FRA", "Language": "French"}}
{"IsOfficial": "F", "Percentage": 0.4, "_id": {"CountryCode": "FRA", "Language": "Italian"}}
{"IsOfficial": "F", "Percentage": 1.2, "_id": {"CountryCode": "FRA", "Language": "Portuguese"}}
{"IsOfficial": "F", "Percentage": 0.4, "_id": {"CountryCode": "FRA", "Language": "Spanish"}}
{"IsOfficial": "F", "Percentage": 0.4, "_id": {"CountryCode": "FRA", "Language": "Turkish"}}
{"IsOfficial": "T", "Percentage": 0.0, "_id": {"CountryCode": "FRO", "Language": "Danish"}}
{"IsOfficial": "T", "Percentage": 100.0, "_id": {"CountryCode": "FRO", "Language": "Faroese"}}
{"IsOfficial": "F", "Percentage": 7.3, "_id": {"CountryCode": "FSM", "Language": "Kosrean"}}
{"IsOfficial": "F", "Percentage": 7.6, "_id": {"CountryCode": "FSM", "Language": "Mortlock"}}
{"IsOfficial": "F", "Percentage": 23.8, "_id": {"CountryCode": "FSM", "Language": "Pohnpei"}}
{"IsOfficial": "F", "Percentage": 41.6, "_id": {"CountryCode": "FSM", "Language": "Trukese"}}
{"IsOfficial": "F", "Percentage": 3.7, "_id": {"CountryCode": "FSM", "Language": "Wolea"}}
{"IsOfficial": "F", "Percentage": 5.8, "_id": {"CountryCode": "FSM", "Language": "Yap"}}
{"IsOfficial": "F", "Percentage": 35.8, "_id": {"CountryCode": "GAB", "Language": "Fang"}}
{"IsOfficial": "F", "Percentage": 13.8, "_id": {"CountryCode": "GAB", "Language": "Mbete"}}
{"IsOfficial": "F", "Percentage": 14.6, "_id": {"CountryCode": "GAB", "Language": "Mpongwe"}}
{"IsOfficial": "F", "Percentage": 17.1, "_id": {"CountryCode": "GAB", "Language": "Punu-sira-nzebi"}}
{"IsOfficial": "T", "Percentage": 97.3, "_id": {"CountryCode": "GBR", "Language": "English"}}
{"IsOfficial": "F", "Percentage": 0.1, "_id": {"CountryCode": "GBR", "Language": "Gaeli"}}
{"IsOfficial": "F", "Percentage": 0.9, "_id": {"CountryCode": "GBR", "Language": "Kymri"}}
{"IsOfficial": "F", "Percentage": 1.7, "_id": {"CountryCode": "GEO", "Language": "Abhyasi"}}
{"IsOfficial": "F", "Percentage": 6.8, "_id": {"CountryCode": "GEO", "Language": "Armenian"}}
{"IsOfficial": "F", "Percentage": 5.5, "_id": {"CountryCode": "GEO", "Language": "Azerbaijani"}}
{"IsOfficial": "T", "Percentage": 71.7, "_id": {"CountryCode": "GEO", "Language": "Georgiana"}}
{"IsOfficial": "F", "Percentage": 2.4, "_id": {"CountryCode": "GEO", "Language": "Osseetti"}}
{"IsOfficial": "F", "Percentage": 8.8, "_id": {"CountryCode": "GEO", "Language": "Russian"}}
{"IsOfficial": "F", "Percentage": 52.4, "_id": {"CountryCode": "GHA", "Language": "Akan"}}
{"IsOfficial": "F", "Percentage": 11.9, "_id": {"CountryCode": "GHA", "Language": "Ewe"}}
{"IsOfficial": "F", "Percentage": 7.8, "_id": {"CountryCode": "GHA", "Language": "Ga-adangme"}}
{"IsOfficial": "F", "Percentage": 3.3, "_id": {"CountryCode": "GHA", "Language": "Gurma"}}
{"IsOfficial": "F", "Percentage": 1.3, "_id": {"CountryCode": "GHA", "Language": "Joruba"}}
{"IsOfficial": "F", "Percentage": 15.8, "_id": {"CountryCode": "GHA", "Language": "Mossi"}}
{"IsOfficial": "F", "Percentage": 7.4, "_id": {"CountryCode": "GIB", "Language": "Arabic"}}
{"IsOfficial": "T", "Percentage": 88.9, "_id": {"CountryCode": "GIB", "Language": "English"}}
{"IsOfficial": "F", "Percentage": 38.6, "_id": {"CountryCode": "GIN", "Language": "Ful"}}
{"IsOfficial": "F", "Percentage": 6.0, "_id": {"CountryCode": "GIN", "Language": "Kissi"}}
{"IsOfficial": "F", "Percentage": 4.6, "_id": {"CountryCode": "GIN", "Language": "Kpelle"}}
{"IsOfficial": "F", "Percentage": 2.3, "_id": {"CountryCode": "GIN", "Language": "Loma"}}
{"IsOfficial": "F", "Percentage": 23.2, "_id": {"CountryCode": "GIN", "Language": "Malinke"}}
{"IsOfficial": "F", "Percentage": 11.0, "_id": {"CountryCode": "GIN", "Language": "Susu"}}
{"IsOfficial": "F", "Percentage": 2.9, "_id": {"CountryCode": "GIN", "Language": "Yalunka"}}
{"IsOfficial": "F", "Percentage": 95.0, "_id": {"CountryCode": "GLP", "Language": "Creole French"}}
{"IsOfficial": "T", "Percentage": 0.0, "_id": {"CountryCode": "GLP", "Language": "French"}}
{"IsOfficial": "F", "Percentage": 9.2, "_id": {"CountryCode": "GMB", "Language": "Diola"}}
{"IsOfficial": "F", "Percentage": 16.2, "_id": {"CountryCode": "GMB", "Language": "Ful"}}
{"IsOfficial": "F", "Percentage": 34.1, "_id": {"CountryCode": "GMB", "Language": "Malinke"}}
{"IsOfficial": "F", "Percentage": 7.6, "_id": {"CountryCode": "GMB", "Language": "Soninke"}}
{"IsOfficial": "F", "Percentage": 12.6, "_id": {"CountryCode": "GMB", "Language": "Wolof"}}
{"IsOfficial": "F", "Percentage": 14.6, "_id": {"CountryCode": "GNB", "Language": "Balante"}}
{"IsOfficial": "F", "Percentage": 36.4, "_id": {"CountryCode": "GNB", "Language": "Crioulo"}}
{"IsOfficial": "F", "Percentage": 16.6, "_id": {"CountryCode": "GNB", "Language": "Ful"}}
{"IsOfficial": "F", "Percentage": 6.9, "_id": {"CountryCode": "GNB", "Language": "Malinke"}}
{"IsOfficial": "F", "Percentage": 4.9, "_id": {"CountryCode": "GNB", "Language": "Mandyako"}}
{"IsOfficial": "T", "Percentage": 8.1, "_id": {"CountryCode": "GNB", "Language": "Portuguese"}}
{"IsOfficial": "F", "Percentage": 8.7, "_id": {"CountryCode": "GNQ", "Language": "Bubi"}}
{"IsOfficial": "F", "Percentage": 84.8, "_id": {"CountryCode": "GNQ", "Language": "Fang"}}
{"IsOfficial": "T", "Percentage": 98.5, "_id": {"CountryCode": "GRC", "Language": "Greek"}}
{"IsOfficial": "F", "Percentage": 0.9, "_id": {"CountryCode": "GRC", "Language": "Turkish"}}
{"IsOfficial": "F", "Percentage": 100.0, "_id": {"CountryCode": "GRD", "Language": "Creole English"}}
{"IsOfficial": "T", "Percentage": 12.5, "_id": {"CountryCode": "GRL", "Language": "Danish"}}
{"IsOfficial": "T", "Percentage": 87.5, "_id": {"CountryCode": "GRL", "Language": "Greenlandic"}}
{"IsOfficial": "F", "Percentage": 8.9, "_id": {"CountryCode": "GTM", "Language": "Cakchiquel"}}
{"IsOfficial": "F", "Percentage": 4.9, "_id": {"CountryCode": "GTM", "Language": "Kekch\u00c3\u00ad"}}
{"IsOfficial": "F", "Percentage": 2.7, "_id": {"CountryCode": "GTM", "Language": "Mam"}}
{"IsOfficial": "F", "Percentage": 10.1, "_id": {"CountryCode": "GTM", "Language": "Quich\u00c3\u00a9"}}
{"IsOfficial": "T", "Percentage": 64.7, "_id": {"CountryCode": "GTM", "Language": "Spanish"}}
{"IsOfficial": "F", "Percentage": 94.3, "_id": {"CountryCode": "GUF", "Language": "Creole French"}}
{"IsOfficial": "F", "Percentage": 1.9, "_id": {"CountryCode": "GUF", "Language": "Indian Languages"}}
{"IsOfficial": "T", "Percentage": 29.6, "_id": {"CountryCode": "GUM", "Language": "Chamorro"}}
{"IsOfficial": "T", "Percentage": 37.5, "_id": {"CountryCode": "GUM", "Language": "English"}}
{"IsOfficial": "F", "Percentage": 2.0, "_id": {"CountryCode": "GUM", "Language": "Japanese"}}
{"IsOfficial": "F", "Percentage": 3.3, "_id": {"CountryCode": "GUM", "Language": "Korean"}}
{"IsOfficial": "F", "Percentage": 19.7, "_id": {"CountryCode": "GUM", "Language": "Philippene Languages"}}
{"IsOfficial": "F", "Percentage": 1.4, "_id": {"CountryCode": "GUY", "Language": "Arawakan"}}
{"IsOfficial": "F", "Percentage": 2.2, "_id": {"CountryCode": "GUY", "Language": "Caribbean"}}
{"IsOfficial": "F", "Percentage": 96.4, "_id": {"CountryCode": "GUY", "Language": "Creole English"}}
{"IsOfficial": "F", "Percentage": 88.7, "_id": {"CountryCode": "HKG", "Language": "Canton Chinese"}}
{"IsOfficial": "F", "Percentage": 1.4, "_id": {"CountryCode": "HKG", "Language": "Chiu chau"}}
{"IsOfficial": "T", "Percentage": 2.2, "_id": {"CountryCode": "HKG", "Language": "English"}}
{"IsOfficial": "F", "Percentage": 1.9, "_id": {"CountryCode": "HKG", "Language": "Fukien"}}
{"IsOfficial": "F", "Percentage": 1.6, "_id": {"CountryCode": "HKG", "Language": "Hakka"}}
{"IsOfficial": "F", "Percentage": 0.2, "_id": {"CountryCode": "HND", "Language": "Creole English"}}
{"IsOfficial": "F", "Percentage": 1.3, "_id": {"CountryCode": "HND", "Language": "Garifuna"}}
{"IsOfficial": "F", "Percentage": 0.2, "_id": {"CountryCode": "HND", "Language": "Miskito"}}
{"IsOfficial": "T", "Percentage": 97.2, "_id": {"CountryCode": "HND", "Language": "Spanish"}}
{"IsOfficial": "T", "Percentage": 95.9, "_id": {"CountryCode": "HRV", "Language": "Serbo-Croatian"}}
{"IsOfficial": "F", "Percentage": 0.0, "_id": {"CountryCode": "HRV", "Language": "Slovene"}}
{"IsOfficial": "T", "Percentage": 0.0, "_id": {"CountryCode": "HTI", "Language": "French"}}
{"IsOfficial": "F", "Percentage": 100.0, "_id": {"CountryCode": "HTI", "Language": "Haiti Creole"}}
{"IsOfficial": "F", "Percentage": 0.4, "_id": {"CountryCode": "HUN", "Language": "German"}}
{"IsOfficial": "T", "Percentage": 98.5, "_id": {"CountryCode": "HUN", "Language": "Hungarian"}}
{"IsOfficial": "F", "Percentage": 0.5, "_id": {"CountryCode": "HUN", "Language": "Romani"}}
{"IsOfficial": "F", "Percentage": 0.1, "_id": {"CountryCode": "HUN", "Language": "Romanian"}}
{"IsOfficial": "F", "Percentage": 0.2, "_id": {"CountryCode": "HUN", "Language": "Serbo-Croatian"}}
{"IsOfficial": "F", "Percentage": 0.1, "_id": {"CountryCode": "HUN", "Language": "Slovak"}}
{"IsOfficial": "F", "Percentage": 1.7, "_id": {"CountryCode": "IDN", "Language": "Bali"}}
{"IsOfficial": "F", "Percentage": 1.8, "_id": {"CountryCode": "IDN", "Language": "Banja"}}
{"IsOfficial": "F", "Percentage": 2.2, "_id": {"CountryCode": "IDN", "Language": "Batakki"}}
{"IsOfficial": "F", "Percentage": 2.2, "_id": {"CountryCode": "IDN", "Language": "Bugi"}}
{"IsOfficial": "F", "Percentage": 39.4, "_id": {"CountryCode": "IDN", "Language": "Javanese"}}
{"IsOfficial": "F", "Percentage": 4.3, "_id": {"CountryCode": "IDN", "Language": "Madura"}}
{"IsOfficial": "T", "Percentage": 12.1, "_id": {"CountryCode": "IDN", "Language": "Malay"}}
{"IsOfficial": "F", "Percentage": 2.4, "_id": {"CountryCode": "IDN", "Language": "Minangkabau"}}
{"IsOfficial": "F", "Percentage": 15.8, "_id": {"CountryCode": "IDN", "Language": "Sunda"}}
{"IsOfficial": "F", "Percentage": 1.5, "_id": {"CountryCode": "IND", "Language": "Asami"}}
{"IsOfficial": "F", "Percentage": 8.2, "_id": {"CountryCode": "IND", "Language": "Bengali"}}
{"IsOfficial": "F", "Percentage": 4.8, "_id": {"CountryCode": "IND", "Language": "Gujarati"}}
{"IsOfficial": "T", "Percentage": 39.9, "_id": {"CountryCode": "IND", "Language": "Hindi"}}
{"IsOfficial": "F", "Percentage": 3.9, "_id": {"CountryCode": "IND", "Language": "Kannada"}}
{"IsOfficial": "F", "Percentage": 3.6, "_id": {"CountryCode": "IND", "Language": "Malajalam"}}
{"IsOfficial": "F", "Percentage": 7.4, "_id": {"CountryCode": "IND", "Language": "Marathi"}}
{"IsOfficial": "F", "Percentage": 3.3, "_id": {"CountryCode": "IND", "Language": "Orija"}}
{"IsOfficial": "F", "Percentage": 2.8, "_id": {"CountryCode": "IND", "Language": "Punjabi"}}
{"IsOfficial": "F", "Percentage": 6.3, "_id": {"CountryCode": "IND", "Language": "Tamil"}}
{"IsOfficial": "F", "Percentage": 7.8, "_id": {"CountryCode": "IND", "Language": "Telugu"}}
{"IsOfficial": "F", "Percentage": 5.1, "_id": {"CountryCode": "IND", "Language": "Urdu"}}
{"IsOfficial": "T", "Percentage": 98.4, "_id": {"CountryCode": "IRL", "Language": "English"}}
{"IsOfficial": "T", "Percentage": 1.6, "_id": {"CountryCode": "IRL", "Language": "Irish"}}
{"IsOfficial": "F", "Percentage": 2.2, "_id": {"CountryCode": "IRN", "Language": "Arabic"}}
{"IsOfficial": "F", "Percentage": 16.8, "_id": {"CountryCode": "IRN", "Language": "Azerbaijani"}}
{"IsOfficial": "F", "Percentage": 1.7, "_id": {"CountryCode": "IRN", "Language": "Bakhtyari"}}
{"IsOfficial": "F", "Percentage": 2.3, "_id": {"CountryCode": "IRN", "Language": "Balochi"}}
{"IsOfficial": "F", "Percentage": 5.3, "_id": {"CountryCode": "IRN", "Language": "Gilaki"}}
{"IsOfficial": "F", "Percentage": 9.1, "_id": {"CountryCode": "IRN", "Language": "Kurdish"}}
{"IsOfficial": "F", "Percentage": 4.3, "_id": {"CountryCode": "IRN", "Language": "Luri"}}
{"IsOfficial": "F", "Percentage": 3.6, "_id": {"CountryCode": "IRN", "Language": "Mazandarani"}}
{"IsOfficial": "T", "Percentage": 45.7, "_id": {"CountryCode": "IRN", "Language": "Persian"}}
{"IsOfficial": "F", "Percentage": 1.6, "_id": {"CountryCode": "IRN", "Language": "Turkmenian"}}
{"IsOfficial": "T", "Percentage": 77.2, "_id": {"CountryCode": "IRQ", "Language": "Arabic"}}
{"IsOfficial": "F", "Percentage": 0.8, "_id": {"CountryCode": "IRQ", "Language": "Assyrian"}}
{"IsOfficial": "F", "Percentage": 1.7, "_id": {"CountryCode": "IRQ", "Language": "Azerbaijani"}}
{"IsOfficial": "F", "Percentage": 19.0, "_id": {"CountryCode": "IRQ", "Language": "Kurdish"}}
{"IsOfficial": "F", "Percentage": 0.8, "_id": {"CountryCode": "IRQ", "Language": "Persian"}}
{"IsOfficial": "F", "Percentage": 0.0, "_id": {"CountryCode": "ISL", "Language": "English"}}
{"IsOfficial": "T", "Percentage": 95.7, "_id": {"CountryCode": "ISL", "Language": "Icelandic"}}
{"IsOfficial": "T", "Percentage": 18.0, "_id": {"CountryCode": "ISR", "Language": "Arabic"}}
{"IsOfficial": "T", "Percentage": 63.1, "_id": {"CountryCode": "ISR", "Language": "Hebrew"}}
{"IsOfficial": "F", "Percentage": 8.9, "_id": {"CountryCode": "ISR", "Language": "Russian"}}
{"IsOfficial": "F", "Percentage": 0.2, "_id": {"CountryCode": "ITA", "Language": "Albaniana"}}
{"IsOfficial": "F", "Percentage": 0.5, "_id": {"CountryCode": "ITA", "Language": "French"}}
{"IsOfficial": "F", "Percentage": 1.2, "_id": {"CountryCode": "ITA", "Language": "Friuli"}}
{"IsOfficial": "F", "Percentage": 0.5, "_id": {"CountryCode": "ITA", "Language": "German"}}
{"IsOfficial": "T", "Percentage": 94.1, "_id": {"CountryCode": "ITA", "Language": "Italian"}}
{"IsOfficial": "F", "Percentage": 0.2, "_id": {"CountryCode": "ITA", "Language": "Romani"}}
{"IsOfficial": "F", "Percentage": 2.7, "_id": {"CountryCode": "ITA", "Language": "Sardinian"}}
{"IsOfficial": "F", "Percentage": 0.2, "_id": {"CountryCode": "ITA", "Language": "Slovene"}}
{"IsOfficial": "F", "Percentage": 94.2, "_id": {"CountryCode": "JAM", "Language": "Creole English"}}
{"IsOfficial": "F", "Percentage": 1.9, "_id": {"CountryCode": "JAM", "Language": "Hindi"}}
{"IsOfficial": "T", "Percentage": 97.9, "_id": {"CountryCode": "JOR", "Language": "Arabic"}}
{"IsOfficial": "F", "Percentage": 1.0, "_id": {"CountryCode": "JOR", "Language": "Armenian"}}
{"IsOfficial": "F", "Percentage": 1.0, "_id": {"CountryCode": "JOR", "Language": "Circassian"}}
{"IsOfficial": "F", "Percentage": 0.0, "_id": {"CountryCode": "JPN", "Language": "Ainu"}}
{"IsOfficial": "F", "Percentage": 0.2, "_id": {"CountryCode": "JPN", "Language": "Chinese"}}
{"IsOfficial": "F", "Percentage": 0.1, "_id": {"CountryCode": "JPN", "Language": "English"}}
{"IsOfficial": "T", "Percentage": 99.1, "_id": {"CountryCode": "JPN", "Language": "Japanese"}}
{"IsOfficial": "F", "Percentage": 0.5, "_id": {"CountryCode": "JPN", "Language": "Korean"}}
{"IsOfficial": "F", "Percentage": 0.1, "_id": {"CountryCode": "JPN", "Language": "Philippene Languages"}}
{"IsOfficial": "F", "Percentage": 3.1, "_id": {"CountryCode": "KAZ", "Language": "German"}}
{"IsOfficial": "T", "Percentage": 46.0, "_id": {"CountryCode": "KAZ", "Language": "Kazakh"}}
{"IsOfficial": "F", "Percentage": 34.7, "_id": {"CountryCode": "KAZ", "Language": "Russian"}}
{"IsOfficial": "F", "Percentage": 2.0, "_id": {"CountryCode": "KAZ", "Language": "Tatar"}}
{"IsOfficial": "F", "Percentage": 5.0, "_id": {"CountryCode": "KAZ", "Language": "Ukrainian"}}
{"IsOfficial": "F", "Percentage": 2.3, "_id": {"CountryCode": "KAZ", "Language": "Uzbek"}}
{"IsOfficial": "F", "Percentage": 6.1, "_id": {"CountryCode": "KEN", "Language": "Gusii"}}
{"IsOfficial": "F", "Percentage": 10.8, "_id": {"CountryCode": "KEN", "Language": "Kalenjin"}}
{"IsOfficial": "F", "Percentage": 11.2, "_id": {"CountryCode": "KEN", "Language": "Kamba"}}
{"IsOfficial": "F", "Percentage": 20.9, "_id": {"CountryCode": "KEN", "Language": "Kikuyu"}}
{"IsOfficial": "F", "Percentage": 13.8, "_id": {"CountryCode": "KEN", "Language": "Luhya"}}
{"IsOfficial": "F", "Percentage": 12.8, "_id": {"CountryCode": "KEN", "Language": "Luo"}}
{"IsOfficial": "F", "Percentage": 1.6, "_id": {"CountryCode": "KEN", "Language": "Masai"}}
{"IsOfficial": "F", "Percentage": 5.5, "_id": {"CountryCode": "KEN", "Language": "Meru"}}
{"IsOfficial": "F", "Percentage": 4.8, "_id": {"CountryCode": "KEN", "Language": "Nyika"}}
{"IsOfficial": "F", "Percentage": 1.4, "_id": {"CountryCode": "KEN", "Language": "Turkana"}}
{"IsOfficial": "F", "Percentage": 0.8, "_id": {"CountryCode": "KGZ", "Language": "Kazakh"}}
{"IsOfficial": "T", "Percentage": 59.7, "_id": {"CountryCode": "KGZ", "Language": "Kirgiz"}}
{"IsOfficial": "T", "Percentage": 16.2, "_id": {"CountryCode": "KGZ", "Language": "Russian"}}
{"IsOfficial": "F", "Percentage": 0.8, "_id": {"CountryCode": "KGZ", "Language": "Tadzhik"}}
{"IsOfficial": "F", "Percentage": 1.3, "_id": {"CountryCode": "KGZ", "Language": "Tatar"}}
{"IsOfficial": "F", "Percentage": 1.7, "_id": {"CountryCode": "KGZ", "Language": "Ukrainian"}}
{"IsOfficial": "F", "Percentage": 14.1, "_id": {"CountryCode": "KGZ", "Language": "Uzbek"}}
{"IsOfficial": "F", "Percentage": 3.1, "_id": {"CountryCode": "KHM", "Language": "Chinese"}}
{"IsOfficial": "T", "Percentage": 88.6, "_id": {"CountryCode": "KHM", "Language": "Khmer"}}
{"IsOfficial": "F", "Percentage": 2.4, "_id": {"CountryCode": "KHM", "Language": "T\u00c2\u0161am"}}
{"IsOfficial": "F", "Percentage": 5.5, "_id": {"CountryCode": "KHM", "Language": "Vietnamese"}}
{"IsOfficial": "T", "Percentage": 98.9, "_id": {"CountryCode": "KIR", "Language": "Kiribati"}}
{"IsOfficial": "F", "Percentage": 0.5, "_id": {"CountryCode": "KIR", "Language": "Tuvalu"}}
{"IsOfficial": "F", "Percentage": 100.0, "_id": {"CountryCode": "KNA", "Language": "Creole English"}}
{"IsOfficial": "T", "Percentage": 0.0, "_id": {"CountryCode": "KNA", "Language": "English"}}
{"IsOfficial": "F", "Percentage": 0.1, "_id": {"CountryCode": "KOR", "Language": "Chinese"}}
{"IsOfficial": "T", "Percentage": 99.9, "_id": {"CountryCode": "KOR", "Language": "Korean"}}
{"IsOfficial": "T", "Percentage": 78.1, "_id": {"CountryCode": "KWT", "Language": "Arabic"}}
{"IsOfficial": "F", "Percentage": 0.0, "_id": {"CountryCode": "KWT", "Language": "English"}}
{"IsOfficial": "T", "Percentage": 67.2, "_id": {"CountryCode": "LAO", "Language": "Lao"}}
{"IsOfficial": "F", "Percentage": 5.2, "_id": {"CountryCode": "LAO", "Language": "Lao-Soung"}}
{"IsOfficial": "F", "Percentage": 16.5, "_id": {"CountryCode": "LAO", "Language": "Mon-khmer"}}
{"IsOfficial": "F", "Percentage": 7.8, "_id": {"CountryCode": "LAO", "Language": "Thai"}}
{"IsOfficial": "T", "Percentage": 93.0, "_id": {"CountryCode": "LBN", "Language": "Arabic"}}
{"IsOfficial": "F", "Percentage": 5.9, "_id": {"CountryCode": "LBN", "Language": "Armenian"}}
{"IsOfficial": "F", "Percentage": 0.0, "_id": {"CountryCode": "LBN", "Language": "French"}}
{"IsOfficial": "F", "Percentage": 13.7, "_id": {"CountryCode": "LBR", "Language": "Bassa"}}
{"IsOfficial": "F", "Percentage": 7.9, "_id": {"CountryCode": "LBR", "Language": "Gio"}}
{"IsOfficial": "F", "Percentage": 8.9, "_id": {"CountryCode": "LBR", "Language": "Grebo"}}
{"IsOfficial": "F", "Percentage": 19.5, "_id": {"CountryCode": "LBR", "Language": "Kpelle"}}
{"IsOfficial": "F", "Percentage": 7.2, "_id": {"CountryCode": "LBR", "Language": "Kru"}}
{"IsOfficial": "F", "Percentage": 5.8, "_id": {"CountryCode": "LBR", "Language": "Loma"}}
{"IsOfficial": "F", "Percentage": 5.1, "_id": {"CountryCode": "LBR", "Language": "Malinke"}}
{"IsOfficial": "F", "Percentage": 7.2, "_id": {"CountryCode": "LBR", "Language": "Mano"}}
{"IsOfficial": "T", "Percentage": 96.0, "_id": {"CountryCode": "LBY", "Language": "Arabic"}}
{"IsOfficial": "F", "Percentage": 1.0, "_id": {"CountryCode": "LBY", "Language": "Berberi"}}
{"IsOfficial": "F", "Percentage": 80.0, "_id": {"CountryCode": "LCA", "Language": "Creole French"}}
{"IsOfficial": "T", "Percentage": 20.0, "_id": {"CountryCode": "LCA", "Language": "English"}}
{"IsOfficial": "T", "Percentage": 89.0, "_id": {"CountryCode": "LIE", "Language": "German"}}
{"IsOfficial": "F", "Percentage": 2.5, "_id": {"CountryCode": "LIE", "Language": "Italian"}}
{"IsOfficial": "F", "Percentage": 2.5, "_id": {"CountryCode": "LIE", "Language": "Turkish"}}
{"IsOfficial": "F", "Percentage": 19.6, "_id": {"CountryCode": "LKA", "Language": "Mixed Languages"}}
{"IsOfficial": "T", "Percentage": 60.3, "_id": {"CountryCode": "LKA", "Language": "Singali"}}
{"IsOfficial": "T", "Percentage": 19.6, "_id": {"CountryCode": "LKA", "Language": "Tamil"}}
{"IsOfficial": "T", "Percentage": 0.0, "_id": {"CountryCode": "LSO", "Language": "English"}}
{"IsOfficial": "T", "Percentage": 85.0, "_id": {"CountryCode": "LSO", "Language": "Sotho"}}
{"IsOfficial": "F", "Percentage": 15.0, "_id": {"CountryCode": "LSO", "Language": "Zulu"}}
{"IsOfficial": "F", "Percentage": 1.4, "_id": {"CountryCode": "LTU", "Language": "Belorussian"}}
{"IsOfficial": "T", "Percentage": 81.6, "_id": {"CountryCode": "LTU", "Language": "Lithuanian"}}
{"IsOfficial": "F", "Percentage": 7.0, "_id": {"CountryCode": "LTU", "Language": "Polish"}}
{"IsOfficial": "F", "Percentage": 8.1, "_id": {"CountryCode": "LTU", "Language": "Russian"}}
{"IsOfficial": "F", "Percentage": 1.1, "_id": {"CountryCode": "LTU", "Language": "Ukrainian"}}
{"IsOfficial": "T", "Percentage": 4.2, "_id": {"CountryCode": "LUX", "Language": "French"}}
{"IsOfficial": "T", "Percentage": 2.3, "_id": {"CountryCode": "LUX", "Language": "German"}}
{"IsOfficial": "F", "Percentage": 4.6, "_id": {"CountryCode": "LUX", "Language": "Italian"}}
{"IsOfficial": "T", "Percentage": 64.4, "_id": {"CountryCode": "LUX", "Language": "Luxembourgish"}}
{"IsOfficial": "F", "Percentage": 13.0, "_id": {"CountryCode": "LUX", "Language": "Portuguese"}}
{"IsOfficial": "F", "Percentage": 4.1, "_id": {"CountryCode": "LVA", "Language": "Belorussian"}}
{"IsOfficial": "T", "Percentage": 55.1, "_id": {"CountryCode": "LVA", "Language": "Latvian"}}
{"IsOfficial": "F", "Percentage": 1.2, "_id": {"CountryCode": "LVA", "Language": "Lithuanian"}}
{"IsOfficial": "F", "Percentage": 2.1, "_id": {"CountryCode": "LVA", "Language": "Polish"}}
{"IsOfficial": "F", "Percentage": 32.5, "_id": {"CountryCode": "LVA", "Language": "Russian"}}
{"IsOfficial": "F", "Percentage": 2.9, "_id": {"CountryCode": "LVA", "Language": "Ukrainian"}}
{"IsOfficial": "F", "Percentage": 85.6, "_id": {"CountryCode": "MAC", "Language": "Canton Chinese"}}
{"IsOfficial": "F", "Percentage": 0.5, "_id": {"CountryCode": "MAC", "Language": "English"}}
{"IsOfficial": "F", "Percentage": 1.2, "_id": {"CountryCode": "MAC", "Language": "Mandarin Chinese"}}
{"IsOfficial": "T", "Percentage": 2.3, "_id": {"CountryCode": "MAC", "Language": "Portuguese"}}
{"IsOfficial": "T", "Percentage": 65.0, "_id": {"CountryCode": "MAR", "Language": "Arabic"}}
{"IsOfficial": "F", "Percentage": 33.0, "_id": {"CountryCode": "MAR", "Language": "Berberi"}}
{"IsOfficial": "F", "Percentage": 6.5, "_id": {"CountryCode": "MCO", "Language": "English"}}
{"IsOfficial": "T", "Percentage": 41.9, "_id": {"CountryCode": "MCO", "Language": "French"}}
{"IsOfficial": "F", "Percentage": 16.1, "_id": {"CountryCode": "MCO", "Language": "Italian"}}
{"IsOfficial": "F", "Percentage": 16.1, "_id": {"CountryCode": "MCO", "Language": "Monegasque"}}
{"IsOfficial": "F", "Percentage": 1.6, "_id": {"CountryCode": "MDA", "Language": "Bulgariana"}}
{"IsOfficial": "F", "Percentage": 3.2, "_id": {"CountryCode": "MDA", "Language": "Gagauzi"}}
{"IsOfficial": "T", "Percentage": 61.9, "_id": {"CountryCode": "MDA", "Language": "Romanian"}}
{"IsOfficial": "F", "Percentage": 23.2, "_id": {"CountryCode": "MDA", "Language": "Russian"}}
{"IsOfficial": "F", "Percentage": 8.6, "_id": {"CountryCode": "MDA", "Language": "Ukrainian"}}
{"IsOfficial": "T", "Percentage": 0.0, "_id": {"CountryCode": "MDG", "Language": "French"}}
{"IsOfficial": "T", "Percentage": 98.9, "_id": {"CountryCode": "MDG", "Language": "Malagasy"}}
{"IsOfficial": "T", "Percentage": 100.0, "_id": {"CountryCode": "MDV", "Language": "Dhivehi"}}
{"IsOfficial": "F", "Percentage": 0.0, "_id": {"CountryCode": "MDV", "Language": "English"}}
{"IsOfficial": "F", "Percentage": 0.6, "_id": {"CountryCode": "MEX", "Language": "Mixtec"}}
{"IsOfficial": "F", "Percentage": 1.8, "_id": {"CountryCode": "MEX", "Language": "N\u00c3\u00a1huatl"}}
{"IsOfficial": "F", "Percentage": 0.4, "_id": {"CountryCode": "MEX", "Language": "Otom\u00c3\u00ad"}}
{"IsOfficial": "T", "Percentage": 92.1, "_id": {"CountryCode": "MEX", "Language": "Spanish"}}
{"IsOfficial": "F", "Percentage": 1.1, "_id": {"CountryCode": "MEX", "Language": "Yucatec"}}
{"IsOfficial": "F", "Percentage": 0.6, "_id": {"CountryCode": "MEX", "Language": "Zapotec"}}
{"IsOfficial": "T", "Percentage": 0.0, "_id": {"CountryCode": "MHL", "Language": "English"}}
{"IsOfficial": "T", "Percentage": 96.8, "_id": {"CountryCode": "MHL", "Language": "Marshallese"}}
{"IsOfficial": "F", "Percentage": 22.9, "_id": {"CountryCode": "MKD", "Language": "Albaniana"}}
{"IsOfficial": "T", "Percentage": 66.5, "_id": {"CountryCode": "MKD", "Language": "Macedonian"}}
{"IsOfficial": "F", "Percentage": 2.3, "_id": {"CountryCode": "MKD", "Language": "Romani"}}
{"IsOfficial": "F", "Percentage": 2.0, "_id": {"CountryCode": "MKD", "Language": "Serbo-Croatian"}}
{"IsOfficial": "F", "Percentage": 4.0, "_id": {"CountryCode": "MKD", "Language": "Turkish"}}
{"IsOfficial": "F", "Percentage": 31.8, "_id": {"CountryCode": "MLI", "Language": "Bambara"}}
{"IsOfficial": "F", "Percentage": 13.9, "_id": {"CountryCode": "MLI", "Language": "Ful"}}
{"IsOfficial": "F", "Percentage": 12.0, "_id": {"CountryCode": "MLI", "Language": "Senufo and Minianka"}}
{"IsOfficial": "F", "Percentage": 6.9, "_id": {"CountryCode": "MLI", "Language": "Songhai"}}
{"IsOfficial": "F", "Percentage": 8.7, "_id": {"CountryCode": "MLI", "Language": "Soninke"}}
{"IsOfficial": "F", "Percentage": 7.3, "_id": {"CountryCode": "MLI", "Language": "Tamashek"}}
{"IsOfficial": "T", "Percentage": 2.1, "_id": {"CountryCode": "MLT", "Language": "English"}}
{"IsOfficial": "T", "Percentage": 95.8, "_id": {"CountryCode": "MLT", "Language": "Maltese"}}
{"IsOfficial": "T", "Percentage": 69.0, "_id": {"CountryCode": "MMR", "Language": "Burmese"}}
{"IsOfficial": "F", "Percentage": 2.2, "_id": {"CountryCode": "MMR", "Language": "Chin"}}
{"IsOfficial": "F", "Percentage": 1.4, "_id": {"CountryCode": "MMR", "Language": "Kachin"}}
{"IsOfficial": "F", "Percentage": 6.2, "_id": {"CountryCode": "MMR", "Language": "Karen"}}
{"IsOfficial": "F", "Percentage": 0.4, "_id": {"CountryCode": "MMR", "Language": "Kayah"}}
{"IsOfficial": "F", "Percentage": 2.4, "_id": {"CountryCode": "MMR", "Language": "Mon"}}
{"IsOfficial": "F", "Percentage": 4.5, "_id": {"CountryCode": "MMR", "Language": "Rakhine"}}
{"IsOfficial": "F", "Percentage": 8.5, "_id": {"CountryCode": "MMR", "Language": "Shan"}}
{"IsOfficial": "F", "Percentage": 1.9, "_id": {"CountryCode": "MNG", "Language": "Bajad"}}
{"IsOfficial": "F", "Percentage": 1.7, "_id": {"CountryCode": "MNG", "Language": "Buryat"}}
{"IsOfficial": "F", "Percentage": 1.4, "_id": {"CountryCode": "MNG", "Language": "Dariganga"}}
{"IsOfficial": "F", "Percentage": 2.7, "_id": {"CountryCode": "MNG", "Language": "Dorbet"}}
{"IsOfficial": "F", "Percentage": 5.9, "_id": {"CountryCode": "MNG", "Language": "Kazakh"}}
{"IsOfficial": "T", "Percentage": 78.8, "_id": {"CountryCode": "MNG", "Language": "Mongolian"}}
{"IsOfficial": "F", "Percentage": 4.8, "_id": {"CountryCode": "MNP", "Language": "Carolinian"}}
{"IsOfficial": "F", "Percentage": 30.0, "_id": {"CountryCode": "MNP", "Language": "Chamorro"}}
{"IsOfficial": "F", "Percentage": 7.1, "_id": {"CountryCode": "MNP", "Language": "Chinese"}}
{"IsOfficial": "T", "Percentage": 4.8, "_id": {"CountryCode": "MNP", "Language": "English"}}
{"IsOfficial": "F", "Percentage": 6.5, "_id": {"CountryCode": "MNP", "Language": "Korean"}}
{"IsOfficial": "F", "Percentage": 34.1, "_id": {"CountryCode": "MNP", "Language": "Philippene Languages"}}
{"IsOfficial": "F", "Percentage": 5.7, "_id": {"CountryCode": "MOZ", "Language": "Chuabo"}}
{"IsOfficial": "F", "Percentage": 7.8, "_id": {"CountryCode": "MOZ", "Language": "Lomwe"}}
{"IsOfficial": "F", "Percentage": 27.8, "_id": {"CountryCode": "MOZ", "Language": "Makua"}}
{"IsOfficial": "F", "Percentage": 3.5, "_id": {"CountryCode": "MOZ", "Language": "Marendje"}}
{"IsOfficial": "F", "Percentage": 3.3, "_id": {"CountryCode": "MOZ", "Language": "Nyanja"}}
{"IsOfficial": "F", "Percentage": 3.7, "_id": {"CountryCode": "MOZ", "Language": "Ronga"}}
{"IsOfficial": "F", "Percentage": 9.4, "_id": {"CountryCode": "MOZ", "Language": "Sena"}}
{"IsOfficial": "F", "Percentage": 6.5, "_id": {"CountryCode": "MOZ", "Language": "Shona"}}
{"IsOfficial": "F", "Percentage": 12.4, "_id": {"CountryCode": "MOZ", "Language": "Tsonga"}}
{"IsOfficial": "F", "Percentage": 6.0, "_id": {"CountryCode": "MOZ", "Language": "Tswa"}}
{"IsOfficial": "F", "Percentage": 1.2, "_id": {"CountryCode": "MRT", "Language": "Ful"}}
{"IsOfficial": "F", "Percentage": 81.7, "_id": {"CountryCode": "MRT", "Language": "Hassaniya"}}
{"IsOfficial": "F", "Percentage": 2.7, "_id": {"CountryCode": "MRT", "Language": "Soninke"}}
{"IsOfficial": "F", "Percentage": 5.4, "_id": {"CountryCode": "MRT", "Language": "Tukulor"}}
{"IsOfficial": "F", "Percentage": 6.6, "_id": {"CountryCode": "MRT", "Language": "Wolof"}}
{"IsOfficial": "F", "Percentage": 1.2, "_id": {"CountryCode": "MRT", "Language": "Zenaga"}}
{"IsOfficial": "T", "Percentage": 0.0, "_id": {"CountryCode": "MSR", "Language": "English"}}
{"IsOfficial": "F", "Percentage": 96.6, "_id": {"CountryCode": "MTQ", "Language": "Creole French"}}
{"IsOfficial": "T", "Percentage": 0.0, "_id": {"CountryCode": "MTQ", "Language": "French"}}
{"IsOfficial": "F", "Percentage": 21.1, "_id": {"CountryCode": "MUS", "Language": "Bhojpuri"}}
{"IsOfficial": "F", "Percentage": 70.6, "_id": {"CountryCode": "MUS", "Language": "Creole French"}}
{"IsOfficial": "F", "Percentage": 3.4, "_id": {"CountryCode": "MUS", "Language": "French"}}
{"IsOfficial": "F", "Percentage": 1.2, "_id": {"CountryCode": "MUS", "Language": "Hindi"}}
{"IsOfficial": "F", "Percentage": 0.7, "_id": {"CountryCode": "MUS", "Language": "Marathi"}}
{"IsOfficial": "F", "Percentage": 0.8, "_id": {"CountryCode": "MUS", "Language": "Tamil"}}
{"IsOfficial": "T", "Percentage": 58.3, "_id": {"CountryCode": "MWI", "Language": "Chichewa"}}
{"IsOfficial": "F", "Percentage": 18.4, "_id": {"CountryCode": "MWI", "Language": "Lomwe"}}
{"IsOfficial": "F", "Percentage": 6.7, "_id": {"CountryCode": "MWI", "Language": "Ngoni"}}
{"IsOfficial": "F", "Percentage": 13.2, "_id": {"CountryCode": "MWI", "Language": "Yao"}}
{"IsOfficial": "F", "Percentage": 9.0, "_id": {"CountryCode": "MYS", "Language": "Chinese"}}
{"IsOfficial": "F", "Percentage": 1.1, "_id": {"CountryCode": "MYS", "Language": "Dusun"}}
{"IsOfficial": "F", "Percentage": 1.6, "_id": {"CountryCode": "MYS", "Language": "English"}}
{"IsOfficial": "F", "Percentage": 2.8, "_id": {"CountryCode": "MYS", "Language": "Iban"}}
{"IsOfficial": "T", "Percentage": 58.4, "_id": {"CountryCode": "MYS", "Language": "Malay"}}
{"IsOfficial": "F", "Percentage": 3.9, "_id": {"CountryCode": "MYS", "Language": "Tamil"}}
{"IsOfficial": "T", "Percentage": 20.3, "_id": {"CountryCode": "MYT", "Language": "French"}}
{"IsOfficial": "F", "Percentage": 41.9, "_id": {"CountryCode": "MYT", "Language": "Mahor\u00c3\u00a9"}}
{"IsOfficial": "F", "Percentage": 16.1, "_id": {"CountryCode": "MYT", "Language": "Malagasy"}}
{"IsOfficial": "F", "Percentage": 9.5, "_id": {"CountryCode": "NAM", "Language": "Afrikaans"}}
{"IsOfficial": "F", "Percentage": 4.7, "_id": {"CountryCode": "NAM", "Language": "Caprivi"}}
{"IsOfficial": "F", "Percentage": 0.9, "_id": {"CountryCode": "NAM", "Language": "German"}}
{"IsOfficial": "F", "Percentage": 8.0, "_id": {"CountryCode": "NAM", "Language": "Herero"}}
{"IsOfficial": "F", "Percentage": 9.7, "_id": {"CountryCode": "NAM", "Language": "Kavango"}}
{"IsOfficial": "F", "Percentage": 12.4, "_id": {"CountryCode": "NAM", "Language": "Nama"}}
{"IsOfficial": "F", "Percentage": 50.7, "_id": {"CountryCode": "NAM", "Language": "Ovambo"}}
{"IsOfficial": "F", "Percentage": 1.9, "_id": {"CountryCode": "NAM", "Language": "San"}}
{"IsOfficial": "T", "Percentage": 34.3, "_id": {"CountryCode": "NCL", "Language": "French"}}
{"IsOfficial": "F", "Percentage": 45.4, "_id": {"CountryCode": "NCL", "Language": "Malenasian Languages"}}
{"IsOfficial": "F", "Percentage": 11.6, "_id": {"CountryCode": "NCL", "Language": "Polynesian Languages"}}
{"IsOfficial": "F", "Percentage": 9.7, "_id": {"CountryCode": "NER", "Language": "Ful"}}
{"IsOfficial": "F", "Percentage": 53.1, "_id": {"CountryCode": "NER", "Language": "Hausa"}}
{"IsOfficial": "F", "Percentage": 4.4, "_id": {"CountryCode": "NER", "Language": "Kanuri"}}
{"IsOfficial": "F", "Percentage": 21.2, "_id": {"CountryCode": "NER", "Language": "Songhai-zerma"}}
{"IsOfficial": "F", "Percentage": 10.4, "_id": {"CountryCode": "NER", "Language": "Tamashek"}}
{"IsOfficial": "T", "Percentage": 0.0, "_id": {"CountryCode": "NFK", "Language": "English"}}
{"IsOfficial": "F", "Percentage": 1.6, "_id": {"CountryCode": "NGA", "Language": "Bura"}}
{"IsOfficial": "F", "Percentage": 3.3, "_id": {"CountryCode": "NGA", "Language": "Edo"}}
{"IsOfficial": "F", "Percentage": 11.3, "_id": {"CountryCode": "NGA", "Language": "Ful"}}
{"IsOfficial": "F", "Percentage": 21.1, "_id": {"CountryCode": "NGA", "Language": "Hausa"}}
{"IsOfficial": "F", "Percentage": 5.6, "_id": {"CountryCode": "NGA", "Language": "Ibibio"}}
{"IsOfficial": "F", "Percentage": 18.1, "_id": {"CountryCode": "NGA", "Language": "Ibo"}}
{"IsOfficial": "F", "Percentage": 1.8, "_id": {"CountryCode": "NGA", "Language": "Ijo"}}
{"IsOfficial": "F", "Percentage": 21.4, "_id": {"CountryCode": "NGA", "Language": "Joruba"}}
{"IsOfficial": "F", "Percentage": 4.1, "_id": {"CountryCode": "NGA", "Language": "Kanuri"}}
{"IsOfficial": "F", "Percentage": 2.3, "_id": {"CountryCode": "NGA", "Language": "Tiv"}}
{"IsOfficial": "F", "Percentage": 0.5, "_id": {"CountryCode": "NIC", "Language": "Creole English"}}
{"IsOfficial": "F", "Percentage": 1.6, "_id": {"CountryCode": "NIC", "Language": "Miskito"}}
{"IsOfficial": "T", "Percentage": 97.6, "_id": {"CountryCode": "NIC", "Language": "Spanish"}}
{"IsOfficial": "F", "Percentage": 0.2, "_id": {"CountryCode": "NIC", "Language": "Sumo"}}
{"IsOfficial": "T", "Percentage": 0.0, "_id": {"CountryCode": "NIU", "Language": "English"}}
{"IsOfficial": "F", "Percentage": 0.0, "_id": {"CountryCode": "NIU", "Language": "Niue"}}
{"IsOfficial": "F", "Percentage": 0.9, "_id": {"CountryCode": "NLD", "Language": "Arabic"}}
{"IsOfficial": "T", "Percentage": 95.6, "_id": {"CountryCode": "NLD", "Language": "Dutch"}}
{"IsOfficial": "F", "Percentage": 3.7, "_id": {"CountryCode": "NLD", "Language": "Fries"}}
{"IsOfficial": "F", "Percentage": 0.8, "_id": {"CountryCode": "NLD", "Language": "Turkish"}}
{"IsOfficial": "F", "Percentage": 0.4, "_id": {"CountryCode": "NOR", "Language": "Danish"}}
{"IsOfficial": "F", "Percentage": 0.5, "_id": {"CountryCode": "NOR", "Language": "English"}}
{"IsOfficial": "T", "Percentage": 96.6, "_id": {"CountryCode": "NOR", "Language": "Norwegian"}}
{"IsOfficial": "F", "Percentage": 0.0, "_id": {"CountryCode": "NOR", "Language": "Saame"}}
{"IsOfficial": "F", "Percentage": 0.3, "_id": {"CountryCode": "NOR", "Language": "Swedish"}}
{"IsOfficial": "F", "Percentage": 7.5, "_id": {"CountryCode": "NPL", "Language": "Bhojpuri"}}
{"IsOfficial": "F", "Percentage": 3.0, "_id": {"CountryCode": "NPL", "Language": "Hindi"}}
{"IsOfficial": "F", "Percentage": 11.9, "_id": {"CountryCode": "NPL", "Language": "Maithili"}}
{"IsOfficial": "T", "Percentage": 50.4, "_id": {"CountryCode": "NPL", "Language": "Nepali"}}
{"IsOfficial": "F", "Percentage": 3.7, "_id": {"CountryCode": "NPL", "Language": "Newari"}}
{"IsOfficial": "F", "Percentage": 4.9, "_id": {"CountryCode": "NPL", "Language": "Tamang"}}
{"IsOfficial": "F", "Percentage": 5.4, "_id": {"CountryCode": "NPL", "Language": "Tharu"}}
{"IsOfficial": "F", "Percentage": 8.5, "_id": {"CountryCode": "NRU", "Language": "Chinese"}}
{"IsOfficial": "T", "Percentage": 7.5, "_id": {"CountryCode": "NRU", "Language": "English"}}
{"IsOfficial": "F", "Percentage": 17.9, "_id": {"CountryCode": "NRU", "Language": "Kiribati"}}
{"IsOfficial": "T", "Percentage": 57.5, "_id": {"CountryCode": "NRU", "Language": "Nauru"}}
{"IsOfficial": "F", "Percentage": 8.5, "_id": {"CountryCode": "NRU", "Language": "Tuvalu"}}
{"IsOfficial": "T", "Percentage": 87.0, "_id": {"CountryCode": "NZL", "Language": "English"}}
{"IsOfficial": "F", "Percentage": 4.3, "_id": {"CountryCode": "NZL", "Language": "Maori"}}
{"IsOfficial": "T", "Percentage": 76.7, "_id": {"CountryCode": "OMN", "Language": "Arabic"}}
{"IsOfficial": "F", "Percentage": 0.0, "_id": {"CountryCode": "OMN", "Language": "Balochi"}}
{"IsOfficial": "F", "Percentage": 3.0, "_id": {"CountryCode": "PAK", "Language": "Balochi"}}
{"IsOfficial": "F", "Percentage": 1.2, "_id": {"CountryCode": "PAK", "Language": "Brahui"}}
{"IsOfficial": "F", "Percentage": 2.4, "_id": {"CountryCode": "PAK", "Language": "Hindko"}}
{"IsOfficial": "F", "Percentage": 13.1, "_id": {"CountryCode": "PAK", "Language": "Pashto"}}
{"IsOfficial": "F", "Percentage": 48.2, "_id": {"CountryCode": "PAK", "Language": "Punjabi"}}
{"IsOfficial": "F", "Percentage": 9.8, "_id": {"CountryCode": "PAK", "Language": "Saraiki"}}
{"IsOfficial": "F", "Percentage": 11.8, "_id": {"CountryCode": "PAK", "Language": "Sindhi"}}
{"IsOfficial": "T", "Percentage": 7.6, "_id": {"CountryCode": "PAK", "Language": "Urdu"}}
{"IsOfficial": "F", "Percentage": 0.6, "_id": {"CountryCode": "PAN", "Language": "Arabic"}}
{"IsOfficial": "F", "Percentage": 14.0, "_id": {"CountryCode": "PAN", "Language": "Creole English"}}
{"IsOfficial": "F", "Percentage": 2.0, "_id": {"CountryCode": "PAN", "Language": "Cuna"}}
{"IsOfficial": "F", "Percentage": 0.6, "_id": {"CountryCode": "PAN", "Language": "Embera"}}
{"IsOfficial": "F", "Percentage": 5.3, "_id": {"CountryCode": "PAN", "Language": "Guaym\u00c3\u00ad"}}
{"IsOfficial": "T", "Percentage": 76.8, "_id": {"CountryCode": "PAN", "Language": "Spanish"}}
{"IsOfficial": "F", "Percentage": 0.0, "_id": {"CountryCode": "PCN", "Language": "Pitcairnese"}}
{"IsOfficial": "T", "Percentage": 2.3, "_id": {"CountryCode": "PER", "Language": "Aimar\u00c3\u00a1"}}
{"IsOfficial": "T", "Percentage": 16.4, "_id": {"CountryCode": "PER", "Language": "Ket\u00c2\u0161ua"}}
{"IsOfficial": "T", "Percentage": 79.8, "_id": {"CountryCode": "PER", "Language": "Spanish"}}
{"IsOfficial": "F", "Percentage": 5.7, "_id": {"CountryCode": "PHL", "Language": "Bicol"}}
{"IsOfficial": "F", "Percentage": 23.3, "_id": {"CountryCode": "PHL", "Language": "Cebuano"}}
{"IsOfficial": "F", "Percentage": 9.1, "_id": {"CountryCode": "PHL", "Language": "Hiligaynon"}}
{"IsOfficial": "F", "Percentage": 9.3, "_id": {"CountryCode": "PHL", "Language": "Ilocano"}}
{"IsOfficial": "F", "Percentage": 1.4, "_id": {"CountryCode": "PHL", "Language": "Maguindanao"}}
{"IsOfficial": "F", "Percentage": 1.3, "_id": {"CountryCode": "PHL", "Language": "Maranao"}}
{"IsOfficial": "F", "Percentage": 3.0, "_id": {"CountryCode": "PHL", "Language": "Pampango"}}
{"IsOfficial": "F", "Percentage": 1.8, "_id": {"CountryCode": "PHL", "Language": "Pangasinan"}}
{"IsOfficial": "T", "Percentage": 29.3, "_id": {"CountryCode": "PHL", "Language": "Pilipino"}}
{"IsOfficial": "F", "Percentage": 3.8, "_id": {"CountryCode": "PHL", "Language": "Waray-waray"}}
{"IsOfficial": "F", "Percentage": 1.6, "_id": {"CountryCode": "PLW", "Language": "Chinese"}}
{"IsOfficial": "T", "Percentage": 3.2, "_id": {"CountryCode": "PLW", "Language": "English"}}
{"IsOfficial": "T", "Percentage": 82.2, "_id": {"CountryCode": "PLW", "Language": "Palau"}}
{"IsOfficial": "F", "Percentage": 9.2, "_id": {"CountryCode": "PLW", "Language": "Philippene Languages"}}
{"IsOfficial": "F", "Percentage": 20.0, "_id": {"CountryCode": "PNG", "Language": "Malenasian Languages"}}
{"IsOfficial": "F", "Percentage": 78.1, "_id": {"CountryCode": "PNG", "Language": "Papuan Languages"}}
{"IsOfficial": "F", "Percentage": 0.5, "_id": {"CountryCode": "POL", "Language": "Belorussian"}}
{"IsOfficial": "F", "Percentage": 1.3, "_id": {"CountryCode": "POL", "Language": "German"}}
{"IsOfficial": "T", "Percentage": 97.6, "_id": {"CountryCode": "POL", "Language": "Polish"}}
{"IsOfficial": "F", "Percentage": 0.6, "_id": {"CountryCode": "POL", "Language": "Ukrainian"}}
{"IsOfficial": "F", "Percentage": 47.4, "_id": {"CountryCode": "PRI", "Language": "English"}}
{"IsOfficial": "T", "Percentage": 51.3, "_id": {"CountryCode": "PRI", "Language": "Spanish"}}
{"IsOfficial": "F", "Percentage": 0.1, "_id": {"CountryCode": "PRK", "Language": "Chinese"}}
{"IsOfficial": "T", "Percentage": 99.9, "_id": {"CountryCode": "PRK", "Language": "Korean"}}
{"IsOfficial": "T", "Percentage": 99.0, "_id": {"CountryCode": "PRT", "Language": "Portuguese"}}
{"IsOfficial": "F", "Percentage": 0.9, "_id": {"CountryCode": "PRY", "Language": "German"}}
{"IsOfficial": "T", "Percentage": 40.1, "_id": {"CountryCode": "PRY", "Language": "Guaran\u00c3\u00ad"}}
{"IsOfficial": "F", "Percentage": 3.2, "_id": {"CountryCode": "PRY", "Language": "Portuguese"}}
{"IsOfficial": "T", "Percentage": 55.1, "_id": {"CountryCode": "PRY", "Language": "Spanish"}}
{"IsOfficial": "F", "Percentage": 95.9, "_id": {"CountryCode": "PSE", "Language": "Arabic"}}
{"IsOfficial": "F", "Percentage": 4.1, "_id": {"CountryCode": "PSE", "Language": "Hebrew"}}
{"IsOfficial": "F", "Percentage": 2.9, "_id": {"CountryCode": "PYF", "Language": "Chinese"}}
{"IsOfficial": "T", "Percentage": 40.8, "_id": {"CountryCode": "PYF", "Language": "French"}}
{"IsOfficial": "F", "Percentage": 46.4, "_id": {"CountryCode": "PYF", "Language": "Tahitian"}}
{"IsOfficial": "T", "Percentage": 40.7, "_id": {"CountryCode": "QAT", "Language": "Arabic"}}
{"IsOfficial": "F", "Percentage": 0.0, "_id": {"CountryCode": "QAT", "Language": "Urdu"}}
{"IsOfficial": "F", "Percentage": 2.8, "_id": {"CountryCode": "REU", "Language": "Chinese"}}
{"IsOfficial": "F", "Percentage": 2.8, "_id": {"CountryCode": "REU", "Language": "Comorian"}}
{"IsOfficial": "F", "Percentage": 91.5, "_id": {"CountryCode": "REU", "Language": "Creole French"}}
{"IsOfficial": "F", "Percentage": 1.4, "_id": {"CountryCode": "REU", "Language": "Malagasy"}}
{"IsOfficial": "F", "Percentage": 0.0, "_id": {"CountryCode": "REU", "Language": "Tamil"}}
{"IsOfficial": "F", "Percentage": 0.4, "_id": {"CountryCode": "ROM", "Language": "German"}}
{"IsOfficial": "F", "Percentage": 7.2, "_id": {"CountryCode": "ROM", "Language": "Hungarian"}}
{"IsOfficial": "T", "Percentage": 0.7, "_id": {"CountryCode": "ROM", "Language": "Romani"}}
{"IsOfficial": "T", "Percentage": 90.7, "_id": {"CountryCode": "ROM", "Language": "Romanian"}}
{"IsOfficial": "F", "Percentage": 0.1, "_id": {"CountryCode": "ROM", "Language": "Serbo-Croatian"}}
{"IsOfficial": "F", "Percentage": 0.3, "_id": {"CountryCode": "ROM", "Language": "Ukrainian"}}
{"IsOfficial": "F", "Percentage": 0.4, "_id": {"CountryCode": "RUS", "Language": "Avarian"}}
{"IsOfficial": "F", "Percentage": 0.7, "_id": {"CountryCode": "RUS", "Language": "Bashkir"}}
{"IsOfficial": "F", "Percentage": 0.3, "_id": {"CountryCode": "RUS", "Language": "Belorussian"}}
{"IsOfficial": "F", "Percentage": 0.6, "_id": {"CountryCode": "RUS", "Language": "Chechen"}}
{"IsOfficial": "F", "Percentage": 0.9, "_id": {"CountryCode": "RUS", "Language": "Chuvash"}}
{"IsOfficial": "F", "Percentage": 0.4, "_id": {"CountryCode": "RUS", "Language": "Kazakh"}}
{"IsOfficial": "F", "Percentage": 0.4, "_id": {"CountryCode": "RUS", "Language": "Mari"}}
{"IsOfficial": "F", "Percentage": 0.5, "_id": {"CountryCode": "RUS", "Language": "Mordva"}}
{"IsOfficial": "T", "Percentage": 86.6, "_id": {"CountryCode": "RUS", "Language": "Russian"}}
{"IsOfficial": "F", "Percentage": 3.2, "_id": {"CountryCode": "RUS", "Language": "Tatar"}}
{"IsOfficial": "F", "Percentage": 0.3, "_id": {"CountryCode": "RUS", "Language": "Udmur"}}
{"IsOfficial": "F", "Percentage": 1.3, "_id": {"CountryCode": "RUS", "Language": "Ukrainian"}}
{"IsOfficial": "T", "Percentage": 0.0, "_id": {"CountryCode": "RWA", "Language": "French"}}
{"IsOfficial": "T", "Percentage": 100.0, "_id": {"CountryCode": "RWA", "Language": "Rwanda"}}
{"IsOfficial": "T", "Percentage": 95.0, "_id": {"CountryCode": "SAU", "Language": "Arabic"}}
{"IsOfficial": "T", "Percentage": 49.4, "_id": {"CountryCode": "SDN", "Language": "Arabic"}}
{"IsOfficial": "F", "Percentage": 2.5, "_id": {"CountryCode": "SDN", "Language": "Bari"}}
{"IsOfficial": "F", "Percentage": 6.4, "_id": {"CountryCode": "SDN", "Language": "Beja"}}
{"IsOfficial": "F", "Percentage": 1.7, "_id": {"CountryCode": "SDN", "Language": "Chilluk"}}
{"IsOfficial": "F", "Percentage": 11.5, "_id": {"CountryCode": "SDN", "Language": "Dinka"}}
{"IsOfficial": "F", "Percentage": 2.1, "_id": {"CountryCode": "SDN", "Language": "Fur"}}
{"IsOfficial": "F", "Percentage": 1.5, "_id": {"CountryCode": "SDN", "Language": "Lotuko"}}
{"IsOfficial": "F", "Percentage": 8.1, "_id": {"CountryCode": "SDN", "Language": "Nubian Languages"}}
{"IsOfficial": "F", "Percentage": 4.9, "_id": {"CountryCode": "SDN", "Language": "Nuer"}}
{"IsOfficial": "F", "Percentage": 2.7, "_id": {"CountryCode": "SDN", "Language": "Zande"}}
{"IsOfficial": "F", "Percentage": 5.0, "_id": {"CountryCode": "SEN", "Language": "Diola"}}
{"IsOfficial": "F", "Percentage": 21.7, "_id": {"CountryCode": "SEN", "Language": "Ful"}}
{"IsOfficial": "F", "Percentage": 3.8, "_id": {"CountryCode": "SEN", "Language": "Malinke"}}
{"IsOfficial": "F", "Percentage": 12.5, "_id": {"CountryCode": "SEN", "Language": "Serer"}}
{"IsOfficial": "F", "Percentage": 1.3, "_id": {"CountryCode": "SEN", "Language": "Soninke"}}
{"IsOfficial": "T", "Percentage": 48.1, "_id": {"CountryCode": "SEN", "Language": "Wolof"}}
{"IsOfficial": "T", "Percentage": 77.1, "_id": {"CountryCode": "SGP", "Language": "Chinese"}}
{"IsOfficial": "T", "Percentage": 14.1, "_id": {"CountryCode": "SGP", "Language": "Malay"}}
{"IsOfficial": "T", "Percentage": 7.4, "_id": {"CountryCode": "SGP", "Language": "Tamil"}}
{"IsOfficial": "T", "Percentage": 0.0, "_id": {"CountryCode": "SHN", "Language": "English"}}
{"IsOfficial": "T", "Percentage": 0.0, "_id": {"CountryCode": "SJM", "Language": "Norwegian"}}
{"IsOfficial": "F", "Percentage": 0.0, "_id": {"CountryCode": "SJM", "Language": "Russian"}}
{"IsOfficial": "F", "Percentage": 85.6, "_id": {"CountryCode": "SLB", "Language": "Malenasian Languages"}}
{"IsOfficial": "F", "Percentage": 8.6, "_id": {"CountryCode": "SLB", "Language": "Papuan Languages"}}
{"IsOfficial": "F", "Percentage": 3.8, "_id": {"CountryCode": "SLB", "Language": "Polynesian Languages"}}
{"IsOfficial": "F", "Percentage": 3.8, "_id": {"CountryCode": "SLE", "Language": "Bullom-sherbro"}}
{"IsOfficial": "F", "Percentage": 3.8, "_id": {"CountryCode": "SLE", "Language": "Ful"}}
{"IsOfficial": "F", "Percentage": 5.1, "_id": {"CountryCode": "SLE", "Language": "Kono-vai"}}
{"IsOfficial": "F", "Percentage": 3.4, "_id": {"CountryCode": "SLE", "Language": "Kuranko"}}
{"IsOfficial": "F", "Percentage": 8.3, "_id": {"CountryCode": "SLE", "Language": "Limba"}}
{"IsOfficial": "F", "Percentage": 34.8, "_id": {"CountryCode": "SLE", "Language": "Mende"}}
{"IsOfficial": "F", "Percentage": 31.8, "_id": {"CountryCode": "SLE", "Language": "Temne"}}
{"IsOfficial": "F", "Percentage": 3.4, "_id": {"CountryCode": "SLE", "Language": "Yalunka"}}
{"IsOfficial": "F", "Percentage": 0.0, "_id": {"CountryCode": "SLV", "Language": "Nahua"}}
{"IsOfficial": "T", "Percentage": 100.0, "_id": {"CountryCode": "SLV", "Language": "Spanish"}}
{"IsOfficial": "T", "Percentage": 100.0, "_id": {"CountryCode": "SMR", "Language": "Italian"}}
{"IsOfficial": "T", "Percentage": 0.0, "_id": {"CountryCode": "SOM", "Language": "Arabic"}}
{"IsOfficial": "T", "Percentage": 98.3, "_id": {"CountryCode": "SOM", "Language": "Somali"}}
{"IsOfficial": "T", "Percentage": 0.0, "_id": {"CountryCode": "SPM", "Language": "French"}}
{"IsOfficial": "F", "Percentage": 86.3, "_id": {"CountryCode": "STP", "Language": "Crioulo"}}
{"IsOfficial": "F", "Percentage": 0.7, "_id": {"CountryCode": "STP", "Language": "French"}}
{"IsOfficial": "F", "Percentage": 0.0, "_id": {"CountryCode": "SUR", "Language": "Hindi"}}
{"IsOfficial": "F", "Percentage": 81.0, "_id": {"CountryCode": "SUR", "Language": "Sranantonga"}}
{"IsOfficial": "F", "Percentage": 1.1, "_id": {"CountryCode": "SVK", "Language": "Czech and Moravian"}}
{"IsOfficial": "F", "Percentage": 10.5, "_id": {"CountryCode": "SVK", "Language": "Hungarian"}}
{"IsOfficial": "F", "Percentage": 1.7, "_id": {"CountryCode": "SVK", "Language": "Romani"}}
{"IsOfficial": "T", "Percentage": 85.6, "_id": {"CountryCode": "SVK", "Language": "Slovak"}}
{"IsOfficial": "F", "Percentage": 0.6, "_id": {"CountryCode": "SVK", "Language": "Ukrainian and Russian"}}
{"IsOfficial": "F", "Percentage": 0.5, "_id": {"CountryCode": "SVN", "Language": "Hungarian"}}
{"IsOfficial": "F", "Percentage": 7.9, "_id": {"CountryCode": "SVN", "Language": "Serbo-Croatian"}}
{"IsOfficial": "T", "Percentage": 87.9, "_id": {"CountryCode": "SVN", "Language": "Slovene"}}
{"IsOfficial": "F", "Percentage": 0.8, "_id": {"CountryCode": "SWE", "Language": "Arabic"}}
{"IsOfficial": "F", "Percentage": 2.4, "_id": {"CountryCode": "SWE", "Language": "Finnish"}}
{"IsOfficial": "F", "Percentage": 0.5, "_id": {"CountryCode": "SWE", "Language": "Norwegian"}}
{"IsOfficial": "F", "Percentage": 1.3, "_id": {"CountryCode": "SWE", "Language": "Southern Slavic Languages"}}
{"IsOfficial": "F", "Percentage": 0.6, "_id": {"CountryCode": "SWE", "Language": "Spanish"}}
{"IsOfficial": "T", "Percentage": 89.5, "_id": {"CountryCode": "SWE", "Language": "Swedish"}}
{"IsOfficial": "T", "Percentage": 89.9, "_id": {"CountryCode": "SWZ", "Language": "Swazi"}}
{"IsOfficial": "F", "Percentage": 2.0, "_id": {"CountryCode": "SWZ", "Language": "Zulu"}}
{"IsOfficial": "T", "Percentage": 3.8, "_id": {"CountryCode": "SYC", "Language": "English"}}
{"IsOfficial": "T", "Percentage": 1.3, "_id": {"CountryCode": "SYC", "Language": "French"}}
{"IsOfficial": "F", "Percentage": 91.3, "_id": {"CountryCode": "SYC", "Language": "Seselwa"}}
{"IsOfficial": "T", "Percentage": 90.0, "_id": {"CountryCode": "SYR", "Language": "Arabic"}}
{"IsOfficial": "F", "Percentage": 9.0, "_id": {"CountryCode": "SYR", "Language": "Kurdish"}}
{"IsOfficial": "T", "Percentage": 0.0, "_id": {"CountryCode": "TCA", "Language": "English"}}
{"IsOfficial": "T", "Percentage": 12.3, "_id": {"CountryCode": "TCD", "Language": "Arabic"}}
{"IsOfficial": "F", "Percentage": 6.2, "_id": {"CountryCode": "TCD", "Language": "Gorane"}}
{"IsOfficial": "F", "Percentage": 6.7, "_id": {"CountryCode": "TCD", "Language": "Hadjarai"}}
{"IsOfficial": "F", "Percentage": 9.0, "_id": {"CountryCode": "TCD", "Language": "Kanem-bornu"}}
{"IsOfficial": "F", "Percentage": 11.5, "_id": {"CountryCode": "TCD", "Language": "Mayo-kebbi"}}
{"IsOfficial": "F", "Percentage": 8.7, "_id": {"CountryCode": "TCD", "Language": "Ouaddai"}}
{"IsOfficial": "F", "Percentage": 27.7, "_id": {"CountryCode": "TCD", "Language": "Sara"}}
{"IsOfficial": "F", "Percentage": 6.5, "_id": {"CountryCode": "TCD", "Language": "Tandjile"}}
{"IsOfficial": "F", "Percentage": 5.7, "_id": {"CountryCode": "TGO", "Language": "Ane"}}
{"IsOfficial": "T", "Percentage": 23.2, "_id": {"CountryCode": "TGO", "Language": "Ewe"}}
{"IsOfficial": "F", "Percentage": 3.4, "_id": {"CountryCode": "TGO", "Language": "Gurma"}}
{"IsOfficial": "T", "Percentage": 13.8, "_id": {"CountryCode": "TGO", "Language": "Kaby\u00c3\u00a9"}}
{"IsOfficial": "F", "Percentage": 5.7, "_id": {"CountryCode": "TGO", "Language": "Kotokoli"}}
{"IsOfficial": "F", "Percentage": 5.4, "_id": {"CountryCode": "TGO", "Language": "Moba"}}
{"IsOfficial": "F", "Percentage": 4.1, "_id": {"CountryCode": "TGO", "Language": "Naudemba"}}
{"IsOfficial": "F", "Percentage": 10.3, "_id": {"CountryCode": "TGO", "Language": "Watyi"}}
{"IsOfficial": "F", "Percentage": 12.1, "_id": {"CountryCode": "THA", "Language": "Chinese"}}
{"IsOfficial": "F", "Percentage": 1.3, "_id": {"CountryCode": "THA", "Language": "Khmer"}}
{"IsOfficial": "F", "Percentage": 1.1, "_id": {"CountryCode": "THA", "Language": "Kuy"}}
{"IsOfficial": "F", "Percentage": 26.9, "_id": {"CountryCode": "THA", "Language": "Lao"}}
{"IsOfficial": "F", "Percentage": 3.6, "_id": {"CountryCode": "THA", "Language": "Malay"}}
{"IsOfficial": "T", "Percentage": 52.6, "_id": {"CountryCode": "THA", "Language": "Thai"}}
{"IsOfficial": "F", "Percentage": 9.7, "_id": {"CountryCode": "TJK", "Language": "Russian"}}
{"IsOfficial": "T", "Percentage": 62.2, "_id": {"CountryCode": "TJK", "Language": "Tadzhik"}}
{"IsOfficial": "F", "Percentage": 23.2, "_id": {"CountryCode": "TJK", "Language": "Uzbek"}}
{"IsOfficial": "T", "Percentage": 0.0, "_id": {"CountryCode": "TKL", "Language": "English"}}
{"IsOfficial": "F", "Percentage": 0.0, "_id": {"CountryCode": "TKL", "Language": "Tokelau"}}
{"IsOfficial": "F", "Percentage": 2.0, "_id": {"CountryCode": "TKM", "Language": "Kazakh"}}
{"IsOfficial": "F", "Percentage": 6.7, "_id": {"CountryCode": "TKM", "Language": "Russian"}}
{"IsOfficial": "T", "Percentage": 76.7, "_id": {"CountryCode": "TKM", "Language": "Turkmenian"}}
{"IsOfficial": "F", "Percentage": 9.2, "_id": {"CountryCode": "TKM", "Language": "Uzbek"}}
{"IsOfficial": "T", "Percentage": 0.0, "_id": {"CountryCode": "TMP", "Language": "Portuguese"}}
{"IsOfficial": "F", "Percentage": 0.0, "_id": {"CountryCode": "TMP", "Language": "Sunda"}}
{"IsOfficial": "T", "Percentage": 0.0, "_id": {"CountryCode": "TON", "Language": "English"}}
{"IsOfficial": "T", "Percentage": 98.3, "_id": {"CountryCode": "TON", "Language": "Tongan"}}
{"IsOfficial": "F", "Percentage": 2.9, "_id": {"CountryCode": "TTO", "Language": "Creole English"}}
{"IsOfficial": "F", "Percentage": 93.5, "_id": {"CountryCode": "TTO", "Language": "English"}}
{"IsOfficial": "F", "Percentage": 3.4, "_id": {"CountryCode": "TTO", "Language": "Hindi"}}
{"IsOfficial": "T", "Percentage": 69.9, "_id": {"CountryCode": "TUN", "Language": "Arabic"}}
{"IsOfficial": "F", "Percentage": 26.3, "_id": {"CountryCode": "TUN", "Language": "Arabic-French"}}
{"IsOfficial": "F", "Percentage": 3.2, "_id": {"CountryCode": "TUN", "Language": "Arabic-French-English"}}
{"IsOfficial": "F", "Percentage": 1.4, "_id": {"CountryCode": "TUR", "Language": "Arabic"}}
{"IsOfficial": "F", "Percentage": 10.6, "_id": {"CountryCode": "TUR", "Language": "Kurdish"}}
{"IsOfficial": "T", "Percentage": 87.6, "_id": {"CountryCode": "TUR", "Language": "Turkish"}}
{"IsOfficial": "T", "Percentage": 0.0, "_id": {"CountryCode": "TUV", "Language": "English"}}
{"IsOfficial": "F", "Percentage": 7.5, "_id": {"CountryCode": "TUV", "Language": "Kiribati"}}
{"IsOfficial": "T", "Percentage": 92.5, "_id": {"CountryCode": "TUV", "Language": "Tuvalu"}}
{"IsOfficial": "F", "Percentage": 0.6, "_id": {"CountryCode": "TWN", "Language": "Ami"}}
{"IsOfficial": "F", "Percentage": 0.4, "_id": {"CountryCode": "TWN", "Language": "Atayal"}}
{"IsOfficial": "F", "Percentage": 11.0, "_id": {"CountryCode": "TWN", "Language": "Hakka"}}
{"IsOfficial": "T", "Percentage": 20.1, "_id": {"CountryCode": "TWN", "Language": "Mandarin Chinese"}}
{"IsOfficial": "F", "Percentage": 66.7, "_id": {"CountryCode": "TWN", "Language": "Min"}}
{"IsOfficial": "F", "Percentage": 0.3, "_id": {"CountryCode": "TWN", "Language": "Paiwan"}}
{"IsOfficial": "F", "Percentage": 4.9, "_id": {"CountryCode": "TZA", "Language": "Chaga and Pare"}}
{"IsOfficial": "F", "Percentage": 3.9, "_id": {"CountryCode": "TZA", "Language": "Gogo"}}
{"IsOfficial": "F", "Percentage": 3.5, "_id": {"CountryCode": "TZA", "Language": "Ha"}}
{"IsOfficial": "F", "Percentage": 5.9, "_id": {"CountryCode": "TZA", "Language": "Haya"}}
{"IsOfficial": "F", "Percentage": 6.9, "_id": {"CountryCode": "TZA", "Language": "Hehet"}}
{"IsOfficial": "F", "Percentage": 4.9, "_id": {"CountryCode": "TZA", "Language": "Luguru"}}
{"IsOfficial": "F", "Percentage": 5.9, "_id": {"CountryCode": "TZA", "Language": "Makonde"}}
{"IsOfficial": "F", "Percentage": 5.4, "_id": {"CountryCode": "TZA", "Language": "Nyakusa"}}
{"IsOfficial": "F", "Percentage": 21.1, "_id": {"CountryCode": "TZA", "Language": "Nyamwesi"}}
{"IsOfficial": "F", "Percentage": 4.3, "_id": {"CountryCode": "TZA", "Language": "Shambala"}}
{"IsOfficial": "T", "Percentage": 8.8, "_id": {"CountryCode": "TZA", "Language": "Swahili"}}
{"IsOfficial": "F", "Percentage": 4.4, "_id": {"CountryCode": "UGA", "Language": "Acholi"}}
{"IsOfficial": "F", "Percentage": 18.1, "_id": {"CountryCode": "UGA", "Language": "Ganda"}}
{"IsOfficial": "F", "Percentage": 4.5, "_id": {"CountryCode": "UGA", "Language": "Gisu"}}
{"IsOfficial": "F", "Percentage": 8.3, "_id": {"CountryCode": "UGA", "Language": "Kiga"}}
{"IsOfficial": "F", "Percentage": 5.9, "_id": {"CountryCode": "UGA", "Language": "Lango"}}
{"IsOfficial": "F", "Percentage": 4.7, "_id": {"CountryCode": "UGA", "Language": "Lugbara"}}
{"IsOfficial": "F", "Percentage": 10.7, "_id": {"CountryCode": "UGA", "Language": "Nkole"}}
{"IsOfficial": "F", "Percentage": 3.2, "_id": {"CountryCode": "UGA", "Language": "Rwanda"}}
{"IsOfficial": "F", "Percentage": 8.2, "_id": {"CountryCode": "UGA", "Language": "Soga"}}
{"IsOfficial": "F", "Percentage": 6.0, "_id": {"CountryCode": "UGA", "Language": "Teso"}}
{"IsOfficial": "F", "Percentage": 0.3, "_id": {"CountryCode": "UKR", "Language": "Belorussian"}}
{"IsOfficial": "F", "Percentage": 0.3, "_id": {"CountryCode": "UKR", "Language": "Bulgariana"}}
{"IsOfficial": "F", "Percentage": 0.3, "_id": {"CountryCode": "UKR", "Language": "Hungarian"}}
{"IsOfficial": "F", "Percentage": 0.1, "_id": {"CountryCode": "UKR", "Language": "Polish"}}
{"IsOfficial": "F", "Percentage": 0.7, "_id": {"CountryCode": "UKR", "Language": "Romanian"}}
{"IsOfficial": "F", "Percentage": 32.9, "_id": {"CountryCode": "UKR", "Language": "Russian"}}
{"IsOfficial": "T", "Percentage": 64.7, "_id": {"CountryCode": "UKR", "Language": "Ukrainian"}}
{"IsOfficial": "T", "Percentage": 0.0, "_id": {"CountryCode": "UMI", "Language": "English"}}
{"IsOfficial": "T", "Percentage": 95.7, "_id": {"CountryCode": "URY", "Language": "Spanish"}}
{"IsOfficial": "F", "Percentage": 0.6, "_id": {"CountryCode": "USA", "Language": "Chinese"}}
{"IsOfficial": "T", "Percentage": 86.2, "_id": {"CountryCode": "USA", "Language": "English"}}
{"IsOfficial": "F", "Percentage": 0.7, "_id": {"CountryCode": "USA", "Language": "French"}}
{"IsOfficial": "F", "Percentage": 0.7, "_id": {"CountryCode": "USA", "Language": "German"}}
{"IsOfficial": "F", "Percentage": 0.6, "_id": {"CountryCode": "USA", "Language": "Italian"}}
{"IsOfficial": "F", "Percentage": 0.2, "_id": {"CountryCode": "USA", "Language": "Japanese"}}
{"IsOfficial": "F", "Percentage": 0.3, "_id": {"CountryCode": "USA", "Language": "Korean"}}
{"IsOfficial": "F", "Percentage": 0.3, "_id": {"CountryCode": "USA", "Language": "Polish"}}
{"IsOfficial": "F", "Percentage": 0.2, "_id": {"CountryCode": "USA", "Language": "Portuguese"}}
{"IsOfficial": "F", "Percentage": 7.5, "_id": {"CountryCode": "USA", "Language": "Spanish"}}
{"IsOfficial": "F", "Percentage": 0.4, "_id": {"CountryCode": "USA", "Language": "Tagalog"}}
{"IsOfficial": "F", "Percentage": 0.2, "_id": {"CountryCode": "USA", "Language": "Vietnamese"}}
{"IsOfficial": "F", "Percentage": 2.0, "_id": {"CountryCode": "UZB", "Language": "Karakalpak"}}
{"IsOfficial": "F", "Percentage": 3.8, "_id": {"CountryCode": "UZB", "Language": "Kazakh"}}
{"IsOfficial": "F", "Percentage": 10.9, "_id": {"CountryCode": "UZB", "Language": "Russian"}}
{"IsOfficial": "F", "Percentage": 4.4, "_id": {"CountryCode": "UZB", "Language": "Tadzhik"}}
{"IsOfficial": "F", "Percentage": 1.8, "_id": {"CountryCode": "UZB", "Language": "Tatar"}}
{"IsOfficial": "T", "Percentage": 72.6, "_id": {"CountryCode": "UZB", "Language": "Uzbek"}}
{"IsOfficial": "T", "Percentage": 0.0, "_id": {"CountryCode": "VAT", "Language": "Italian"}}
{"IsOfficial": "F", "Percentage": 99.1, "_id": {"CountryCode": "VCT", "Language": "Creole English"}}
{"IsOfficial": "T", "Percentage": 0.0, "_id": {"CountryCode": "VCT", "Language": "English"}}
{"IsOfficial": "F", "Percentage": 0.4, "_id": {"CountryCode": "VEN", "Language": "Goajiro"}}
{"IsOfficial": "T", "Percentage": 96.9, "_id": {"CountryCode": "VEN", "Language": "Spanish"}}
{"IsOfficial": "F", "Percentage": 0.1, "_id": {"CountryCode": "VEN", "Language": "Warrau"}}
{"IsOfficial": "T", "Percentage": 0.0, "_id": {"CountryCode": "VGB", "Language": "English"}}
{"IsOfficial": "T", "Percentage": 81.7, "_id": {"CountryCode": "VIR", "Language": "English"}}
{"IsOfficial": "F", "Percentage": 2.5, "_id": {"CountryCode": "VIR", "Language": "French"}}
{"IsOfficial": "F", "Percentage": 13.3, "_id": {"CountryCode": "VIR", "Language": "Spanish"}}
{"IsOfficial": "F", "Percentage": 1.4, "_id": {"CountryCode": "VNM", "Language": "Chinese"}}
{"IsOfficial": "F", "Percentage": 1.4, "_id": {"CountryCode": "VNM", "Language": "Khmer"}}
{"IsOfficial": "F", "Percentage": 0.7, "_id": {"CountryCode": "VNM", "Language": "Man"}}
{"IsOfficial": "F", "Percentage": 0.9, "_id": {"CountryCode": "VNM", "Language": "Miao"}}
{"IsOfficial": "F", "Percentage": 1.5, "_id": {"CountryCode": "VNM", "Language": "Muong"}}
{"IsOfficial": "F", "Percentage": 1.1, "_id": {"CountryCode": "VNM", "Language": "Nung"}}
{"IsOfficial": "F", "Percentage": 1.6, "_id": {"CountryCode": "VNM", "Language": "Thai"}}
{"IsOfficial": "F", "Percentage": 1.8, "_id": {"CountryCode": "VNM", "Language": "Tho"}}
{"IsOfficial": "T", "Percentage": 86.8, "_id": {"CountryCode": "VNM", "Language": "Vietnamese"}}
{"IsOfficial": "T", "Percentage": 56.6, "_id": {"CountryCode": "VUT", "Language": "Bislama"}}
{"IsOfficial": "T", "Percentage": 28.3, "_id": {"CountryCode": "VUT", "Language": "English"}}
{"IsOfficial": "T", "Percentage": 14.2, "_id": {"CountryCode": "VUT", "Language": "French"}}
{"IsOfficial": "F", "Percentage": 0.0, "_id": {"CountryCode": "WLF", "Language": "Futuna"}}
{"IsOfficial": "F", "Percentage": 0.0, "_id": {"CountryCode": "WLF", "Language": "Wallis"}}
{"IsOfficial": "T", "Percentage": 0.6, "_id": {"CountryCode": "WSM", "Language": "English"}}
{"IsOfficial": "T", "Percentage": 47.5, "_id": {"CountryCode": "WSM", "Language": "Samoan"}}
{"IsOfficial": "F", "Percentage": 52.0, "_id": {"CountryCode": "WSM", "Language": "Samoan-English"}}
{"IsOfficial": "T", "Percentage": 99.6, "_id": {"CountryCode": "YEM", "Language": "Arabic"}}
{"IsOfficial": "F", "Percentage": 0.0, "_id": {"CountryCode": "YEM", "Language": "Soqutri"}}
{"IsOfficial": "F", "Percentage": 16.5, "_id": {"CountryCode": "YUG", "Language": "Albaniana"}}
{"IsOfficial": "F", "Percentage": 3.4, "_id": {"CountryCode": "YUG", "Language": "Hungarian"}}
{"IsOfficial": "F", "Percentage": 0.5, "_id": {"CountryCode": "YUG", "Language": "Macedonian"}}
{"IsOfficial": "F", "Percentage": 1.4, "_id": {"CountryCode": "YUG", "Language": "Romani"}}
{"IsOfficial": "T", "Percentage": 75.2, "_id": {"CountryCode": "YUG", "Language": "Serbo-Croatian"}}
{"IsOfficial": "F", "Percentage": 0.7, "_id": {"CountryCode": "YUG", "Language": "Slovak"}}
{"IsOfficial": "T", "Percentage": 14.3, "_id": {"CountryCode": "ZAF", "Language": "Afrikaans"}}
{"IsOfficial": "T", "Percentage": 8.5, "_id": {"CountryCode": "ZAF", "Language": "English"}}
{"IsOfficial": "F", "Percentage": 1.5, "_id": {"CountryCode": "ZAF", "Language": "Ndebele"}}
{"IsOfficial": "F", "Percentage": 9.1, "_id": {"CountryCode": "ZAF", "Language": "Northsotho"}}
{"IsOfficial": "F", "Percentage": 7.6, "_id": {"CountryCode": "ZAF", "Language": "Southsotho"}}
{"IsOfficial": "F", "Percentage": 2.5, "_id": {"CountryCode": "ZAF", "Language": "Swazi"}}
{"IsOfficial": "F", "Percentage": 4.3, "_id": {"CountryCode": "ZAF", "Language": "Tsonga"}}
{"IsOfficial": "F", "Percentage": 8.1, "_id": {"CountryCode": "ZAF", "Language": "Tswana"}}
{"IsOfficial": "F", "Percentage": 2.2, "_id": {"CountryCode": "ZAF", "Language": "Venda"}}
{"IsOfficial": "T", "Percentage": 17.7, "_id": {"CountryCode": "ZAF", "Language": "Xhosa"}}
{"IsOfficial": "T", "Percentage": 22.7, "_id": {"CountryCode": "ZAF", "Language": "Zulu"}}
{"IsOfficial": "F", "Percentage": 29.7, "_id": {"CountryCode": "ZMB", "Language": "Bemba"}}
{"IsOfficial": "F", "Percentage": 5.7, "_id": {"CountryCode": "ZMB", "Language": "Chewa"}}
{"IsOfficial": "F", "Percentage": 6.4, "_id": {"CountryCode": "ZMB", "Language": "Lozi"}}
{"IsOfficial": "F", "Percentage": 4.3, "_id": {"CountryCode": "ZMB", "Language": "Nsenga"}}
{"IsOfficial": "F", "Percentage": 7.8, "_id": {"CountryCode": "ZMB", "Language": "Nyanja"}}
{"IsOfficial": "F", "Percentage": 11.0, "_id": {"CountryCode": "ZMB", "Language": "Tongan"}}
{"IsOfficial": "T", "Percentage": 2.2, "_id": {"CountryCode": "ZWE", "Language": "English"}}
{"IsOfficial": "F", "Percentage": 16.2, "_id": {"CountryCode": "ZWE", "Language": "Ndebele"}}
{"IsOfficial": "F", "Percentage": 2.2, "_id": {"CountryCode": "ZWE", "Language": "Nyanja"}}
{"IsOfficial": "F", "Percentage": 72.1, "_id": {"CountryCode": "ZWE", "Language": "Shona"}}
